Indicator ID,WB Code,Indicator,Pillar,Direction,ISO3,Country,Year,DataAge,StaleFlag,Value,Decimals,SourceLastUpdated,RetrievedAt
EDUCATION,SE.PRM.CMPT.ZS,"Primary completion rate, total",Human Development,LOW,AFG,Afghanistan,2023,2,OK,90.3076095581055,0,2026-07-13,2026-08-20 16:40:35.066
ELECTRICITY,EG.ELC.ACCS.ZS,Access to electricity,Infrastructure & Affordability,LOW,AFG,Afghanistan,2024,1,OK,87.8,1,2026-07-13,2026-08-20 16:40:34.894
FRESHWATER_PC,ER.H2O.INTR.PC,Renewable internal freshwater resources per capita,Water Need,LOW,AFG,Afghanistan,2022,3,OK,1161.93557223737,0,2026-07-13,2026-08-20 16:40:34.738
GDP_PC_PPP,NY.GDP.PCAP.PP.CD,"GDP per capita, PPP",Infrastructure & Affordability,LOW,AFG,Afghanistan,2024,1,OK,2236.19907311431,1,2026-07-13,2026-08-20 16:40:34.813
POP_GROWTH,SP.POP.GROW,Population growth,Reach & Growth,HIGH,AFG,Afghanistan,2025,0,OK,2.76719430653303,1,2026-07-13,2026-08-20 16:40:34.978
POP_TOTAL,SP.POP.TOTL,Total population,Reach & Growth,HIGH,AFG,Afghanistan,2025,0,OK,43844111.0,0,2026-07-13,2026-08-20 16:40:35.021
RURAL_POP,SP.RUR.TOTL.ZS,Rural population,Reach & Growth,HIGH,AFG,Afghanistan,2025,0,OK,74.0598355300102,0,2026-07-13,2026-08-20 16:40:34.940
U5_MORTALITY,SH.DYN.MORT,"Mortality rate, under-5",Human Development,HIGH,AFG,Afghanistan,2024,1,OK,53.0,0,2026-07-13,2026-08-20 16:40:34.771
WATER_ACCESS,SH.H2O.SMDW.ZS,People using safely managed drinking water services,Water Need,LOW,AFG,Afghanistan,2024,1,OK,30.5547223111169,0,2026-07-13,2026-08-20 16:40:34.666
EDUCATION,SE.PRM.CMPT.ZS,"Primary completion rate, total",Human Development,LOW,ALB,Albania,2024,1,OK,107.345321655273,0,2026-07-13,2026-08-20 16:40:35.066
ELECTRICITY,EG.ELC.ACCS.ZS,Access to electricity,Infrastructure & Affordability,LOW,ALB,Albania,2024,1,OK,100.0,1,2026-07-13,2026-08-20 16:40:34.894
FRESHWATER_PC,ER.H2O.INTR.PC,Renewable internal freshwater resources per capita,Water Need,LOW,ALB,Albania,2022,3,OK,10972.2650507661,0,2026-07-13,2026-08-20 16:40:34.738
GDP_PC_PPP,NY.GDP.PCAP.PP.CD,"GDP per capita, PPP",Infrastructure & Affordability,LOW,ALB,Albania,2025,0,OK,28220.7950617158,1,2026-07-13,2026-08-20 16:40:34.813
POP_GROWTH,SP.POP.GROW,Population growth,Reach & Growth,HIGH,ALB,Albania,2025,0,OK,-1.16564475393365,1,2026-07-13,2026-08-20 16:40:34.978
POP_TOTAL,SP.POP.TOTL,Total population,Reach & Growth,HIGH,ALB,Albania,2025,0,OK,2349580.0,0,2026-07-13,2026-08-20 16:40:35.021
RURAL_POP,SP.RUR.TOTL.ZS,Rural population,Reach & Growth,HIGH,ALB,Albania,2025,0,OK,41.128525668933,0,2026-07-13,2026-08-20 16:40:34.940
U5_MORTALITY,SH.DYN.MORT,"Mortality rate, under-5",Human Development,HIGH,ALB,Albania,2024,1,OK,9.2,0,2026-07-13,2026-08-20 16:40:34.771
WATER_ACCESS,SH.H2O.SMDW.ZS,People using safely managed drinking water services,Water Need,LOW,ALB,Albania,2024,1,OK,70.7937363898968,0,2026-07-13,2026-08-20 16:40:34.666
EDUCATION,SE.PRM.CMPT.ZS,"Primary completion rate, total",Human Development,LOW,DZA,Algeria,2025,0,OK,98.2448647385429,0,2026-07-13,2026-08-20 16:40:35.066
ELECTRICITY,EG.ELC.ACCS.ZS,Access to electricity,Infrastructure & Affordability,LOW,DZA,Algeria,2024,1,OK,100.0,1,2026-07-13,2026-08-20 16:40:34.894
FRESHWATER_PC,ER.H2O.INTR.PC,Renewable internal freshwater resources per capita,Water Need,LOW,DZA,Algeria,2022,3,OK,247.309712525493,0,2026-07-13,2026-08-20 16:40:34.738
GDP_PC_PPP,NY.GDP.PCAP.PP.CD,"GDP per capita, PPP",Infrastructure & Affordability,LOW,DZA,Algeria,2025,0,OK,18586.2607480579,1,2026-07-13,2026-08-20 16:40:34.813
POP_GROWTH,SP.POP.GROW,Population growth,Reach & Growth,HIGH,DZA,Algeria,2025,0,OK,1.31780475504384,1,2026-07-13,2026-08-20 16:40:34.978
POP_TOTAL,SP.POP.TOTL,Total population,Reach & Growth,HIGH,DZA,Algeria,2025,0,OK,47435312.0,0,2026-07-13,2026-08-20 16:40:35.021
RURAL_POP,SP.RUR.TOTL.ZS,Rural population,Reach & Growth,HIGH,DZA,Algeria,2025,0,OK,24.1812641930123,0,2026-07-13,2026-08-20 16:40:34.940
U5_MORTALITY,SH.DYN.MORT,"Mortality rate, under-5",Human Development,HIGH,DZA,Algeria,2024,1,OK,21.6,0,2026-07-13,2026-08-20 16:40:34.771
WATER_ACCESS,SH.H2O.SMDW.ZS,People using safely managed drinking water services,Water Need,LOW,DZA,Algeria,2024,1,OK,69.0291825248964,0,2026-07-13,2026-08-20 16:40:34.666
POP_GROWTH,SP.POP.GROW,Population growth,Reach & Growth,HIGH,ASM,American Samoa,2025,0,OK,-1.5863427255336,1,2026-07-13,2026-08-20 16:40:34.978
POP_TOTAL,SP.POP.TOTL,Total population,Reach & Growth,HIGH,ASM,American Samoa,2025,0,OK,46029.0,0,2026-07-13,2026-08-20 16:40:35.021
RURAL_POP,SP.RUR.TOTL.ZS,Rural population,Reach & Growth,HIGH,ASM,American Samoa,2025,0,OK,19.4876491760182,0,2026-07-13,2026-08-20 16:40:34.940
WATER_ACCESS,SH.H2O.SMDW.ZS,People using safely managed drinking water services,Water Need,LOW,ASM,American Samoa,2024,1,OK,90.5383360522023,0,2026-07-13,2026-08-20 16:40:34.666
EDUCATION,SE.PRM.CMPT.ZS,"Primary completion rate, total",Human Development,LOW,AND,Andorra,2024,1,OK,67.3548387096774,0,2026-07-13,2026-08-20 16:40:35.066
ELECTRICITY,EG.ELC.ACCS.ZS,Access to electricity,Infrastructure & Affordability,LOW,AND,Andorra,2024,1,OK,100.0,1,2026-07-13,2026-08-20 16:40:34.894
FRESHWATER_PC,ER.H2O.INTR.PC,Renewable internal freshwater resources per capita,Water Need,LOW,AND,Andorra,2022,3,OK,3959.60102879368,0,2026-07-13,2026-08-20 16:40:34.738
GDP_PC_PPP,NY.GDP.PCAP.PP.CD,"GDP per capita, PPP",Infrastructure & Affordability,LOW,AND,Andorra,2025,0,OK,79566.7925868466,1,2026-07-13,2026-08-20 16:40:34.813
POP_GROWTH,SP.POP.GROW,Population growth,Reach & Growth,HIGH,AND,Andorra,2025,0,OK,1.17204481645642,1,2026-07-13,2026-08-20 16:40:34.978
POP_TOTAL,SP.POP.TOTL,Total population,Reach & Growth,HIGH,AND,Andorra,2025,0,OK,82904.0,0,2026-07-13,2026-08-20 16:40:35.021
RURAL_POP,SP.RUR.TOTL.ZS,Rural population,Reach & Growth,HIGH,AND,Andorra,2025,0,OK,11.0507327716871,0,2026-07-13,2026-08-20 16:40:34.940
U5_MORTALITY,SH.DYN.MORT,"Mortality rate, under-5",Human Development,HIGH,AND,Andorra,2024,1,OK,2.5,0,2026-07-13,2026-08-20 16:40:34.771
WATER_ACCESS,SH.H2O.SMDW.ZS,People using safely managed drinking water services,Water Need,LOW,AND,Andorra,2024,1,OK,90.6400018060858,0,2026-07-13,2026-08-20 16:40:34.666
EDUCATION,SE.PRM.CMPT.ZS,"Primary completion rate, total",Human Development,LOW,AGO,Angola,2023,2,OK,47.8556786596463,0,2026-07-13,2026-08-20 16:40:35.066
ELECTRICITY,EG.ELC.ACCS.ZS,Access to electricity,Infrastructure & Affordability,LOW,AGO,Angola,2024,1,OK,55.5,1,2026-07-13,2026-08-20 16:40:34.894
FRESHWATER_PC,ER.H2O.INTR.PC,Renewable internal freshwater resources per capita,Water Need,LOW,AGO,Angola,2022,3,OK,4153.21676881475,0,2026-07-13,2026-08-20 16:40:34.738
GDP_PC_PPP,NY.GDP.PCAP.PP.CD,"GDP per capita, PPP",Infrastructure & Affordability,LOW,AGO,Angola,2025,0,OK,10251.3457063657,1,2026-07-13,2026-08-20 16:40:34.813
POP_GROWTH,SP.POP.GROW,Population growth,Reach & Growth,HIGH,AGO,Angola,2025,0,OK,3.00100954627922,1,2026-07-13,2026-08-20 16:40:34.978
POP_TOTAL,SP.POP.TOTL,Total population,Reach & Growth,HIGH,AGO,Angola,2025,0,OK,39040039.0,0,2026-07-13,2026-08-20 16:40:35.021
RURAL_POP,SP.RUR.TOTL.ZS,Rural population,Reach & Growth,HIGH,AGO,Angola,2025,0,OK,28.5384084823915,0,2026-07-13,2026-08-20 16:40:34.940
U5_MORTALITY,SH.DYN.MORT,"Mortality rate, under-5",Human Development,HIGH,AGO,Angola,2024,1,OK,49.0,0,2026-07-13,2026-08-20 16:40:34.771
EDUCATION,SE.PRM.CMPT.ZS,"Primary completion rate, total",Human Development,LOW,ATG,Antigua and Barbuda,2022,3,OK,123.354735152488,0,2026-07-13,2026-08-20 16:40:35.066
ELECTRICITY,EG.ELC.ACCS.ZS,Access to electricity,Infrastructure & Affordability,LOW,ATG,Antigua and Barbuda,2024,1,OK,100.0,1,2026-07-13,2026-08-20 16:40:34.894
FRESHWATER_PC,ER.H2O.INTR.PC,Renewable internal freshwater resources per capita,Water Need,LOW,ATG,Antigua and Barbuda,2022,3,OK,560.103403705299,0,2026-07-13,2026-08-20 16:40:34.738
GDP_PC_PPP,NY.GDP.PCAP.PP.CD,"GDP per capita, PPP",Infrastructure & Affordability,LOW,ATG,Antigua and Barbuda,2025,0,OK,35832.4795485115,1,2026-07-13,2026-08-20 16:40:34.813
POP_GROWTH,SP.POP.GROW,Population growth,Reach & Growth,HIGH,ATG,Antigua and Barbuda,2025,0,OK,0.464941443253073,1,2026-07-13,2026-08-20 16:40:34.978
POP_TOTAL,SP.POP.TOTL,Total population,Reach & Growth,HIGH,ATG,Antigua and Barbuda,2025,0,OK,94209.0,0,2026-07-13,2026-08-20 16:40:35.021
RURAL_POP,SP.RUR.TOTL.ZS,Rural population,Reach & Growth,HIGH,ATG,Antigua and Barbuda,2025,0,OK,75.6665165299339,0,2026-07-13,2026-08-20 16:40:34.940
U5_MORTALITY,SH.DYN.MORT,"Mortality rate, under-5",Human Development,HIGH,ATG,Antigua and Barbuda,2024,1,OK,9.1,0,2026-07-13,2026-08-20 16:40:34.771
EDUCATION,SE.PRM.CMPT.ZS,"Primary completion rate, total",Human Development,LOW,ARG,Argentina,2023,2,OK,98.9436486948575,0,2026-07-13,2026-08-20 16:40:35.066
ELECTRICITY,EG.ELC.ACCS.ZS,Access to electricity,Infrastructure & Affordability,LOW,ARG,Argentina,2024,1,OK,98.4,1,2026-07-13,2026-08-20 16:40:34.894
FRESHWATER_PC,ER.H2O.INTR.PC,Renewable internal freshwater resources per capita,Water Need,LOW,ARG,Argentina,2022,3,OK,6430.59851430271,0,2026-07-13,2026-08-20 16:40:34.738
GDP_PC_PPP,NY.GDP.PCAP.PP.CD,"GDP per capita, PPP",Infrastructure & Affordability,LOW,ARG,Argentina,2025,0,OK,32586.6312086783,1,2026-07-13,2026-08-20 16:40:34.813
POP_GROWTH,SP.POP.GROW,Population growth,Reach & Growth,HIGH,ARG,Argentina,2025,0,OK,0.339100654860035,1,2026-07-13,2026-08-20 16:40:34.978
POP_TOTAL,SP.POP.TOTL,Total population,Reach & Growth,HIGH,ARG,Argentina,2025,0,OK,45851378.0,0,2026-07-13,2026-08-20 16:40:35.021
RURAL_POP,SP.RUR.TOTL.ZS,Rural population,Reach & Growth,HIGH,ARG,Argentina,2025,0,OK,7.64807783848271,0,2026-07-13,2026-08-20 16:40:34.940
U5_MORTALITY,SH.DYN.MORT,"Mortality rate, under-5",Human Development,HIGH,ARG,Argentina,2024,1,OK,9.5,0,2026-07-13,2026-08-20 16:40:34.771
EDUCATION,SE.PRM.CMPT.ZS,"Primary completion rate, total",Human Development,LOW,ARM,Armenia,2024,1,OK,98.213668887244,0,2026-07-13,2026-08-20 16:40:35.066
ELECTRICITY,EG.ELC.ACCS.ZS,Access to electricity,Infrastructure & Affordability,LOW,ARM,Armenia,2024,1,OK,100.0,1,2026-07-13,2026-08-20 16:40:34.894
FRESHWATER_PC,ER.H2O.INTR.PC,Renewable internal freshwater resources per capita,Water Need,LOW,ARM,Armenia,2022,3,OK,2310.04984507611,0,2026-07-13,2026-08-20 16:40:34.738
GDP_PC_PPP,NY.GDP.PCAP.PP.CD,"GDP per capita, PPP",Infrastructure & Affordability,LOW,ARM,Armenia,2025,0,OK,24754.2118320452,1,2026-07-13,2026-08-20 16:40:34.813
POP_GROWTH,SP.POP.GROW,Population growth,Reach & Growth,HIGH,ARM,Armenia,2025,0,OK,1.73854906675217,1,2026-07-13,2026-08-20 16:40:34.978
POP_TOTAL,SP.POP.TOTL,Total population,Reach & Growth,HIGH,ARM,Armenia,2025,0,OK,3086700.0,0,2026-07-13,2026-08-20 16:40:35.021
RURAL_POP,SP.RUR.TOTL.ZS,Rural population,Reach & Growth,HIGH,ARM,Armenia,2025,0,OK,34.0712984410128,0,2026-07-13,2026-08-20 16:40:34.940
U5_MORTALITY,SH.DYN.MORT,"Mortality rate, under-5",Human Development,HIGH,ARM,Armenia,2024,1,OK,9.6,0,2026-07-13,2026-08-20 16:40:34.771
WATER_ACCESS,SH.H2O.SMDW.ZS,People using safely managed drinking water services,Water Need,LOW,ARM,Armenia,2024,1,OK,82.0728191880242,0,2026-07-13,2026-08-20 16:40:34.666
EDUCATION,SE.PRM.CMPT.ZS,"Primary completion rate, total",Human Development,LOW,ABW,Aruba,2022,3,OK,93.8329391479492,0,2026-07-13,2026-08-20 16:40:35.066
ELECTRICITY,EG.ELC.ACCS.ZS,Access to electricity,Infrastructure & Affordability,LOW,ABW,Aruba,2024,1,OK,100.0,1,2026-07-13,2026-08-20 16:40:34.894
GDP_PC_PPP,NY.GDP.PCAP.PP.CD,"GDP per capita, PPP",Infrastructure & Affordability,LOW,ABW,Aruba,2024,1,OK,51712.1531358934,1,2026-07-13,2026-08-20 16:40:34.813
POP_GROWTH,SP.POP.GROW,Population growth,Reach & Growth,HIGH,ABW,Aruba,2025,0,OK,0.728852751394889,1,2026-07-13,2026-08-20 16:40:34.978
POP_TOTAL,SP.POP.TOTL,Total population,Reach & Growth,HIGH,ABW,Aruba,2025,0,OK,108785.0,0,2026-07-13,2026-08-20 16:40:35.021
RURAL_POP,SP.RUR.TOTL.ZS,Rural population,Reach & Growth,HIGH,ABW,Aruba,2025,0,OK,38.2514750770412,0,2026-07-13,2026-08-20 16:40:34.940
ELECTRICITY,EG.ELC.ACCS.ZS,Access to electricity,Infrastructure & Affordability,LOW,AUS,Australia,2024,1,OK,100.0,1,2026-07-13,2026-08-20 16:40:34.894
FRESHWATER_PC,ER.H2O.INTR.PC,Renewable internal freshwater resources per capita,Water Need,LOW,AUS,Australia,2022,3,OK,18909.4613835938,0,2026-07-13,2026-08-20 16:40:34.738
GDP_PC_PPP,NY.GDP.PCAP.PP.CD,"GDP per capita, PPP",Infrastructure & Affordability,LOW,AUS,Australia,2025,0,OK,71934.4033931263,1,2026-07-13,2026-08-20 16:40:34.813
POP_GROWTH,SP.POP.GROW,Population growth,Reach & Growth,HIGH,AUS,Australia,2025,0,OK,1.53308964338105,1,2026-07-13,2026-08-20 16:40:34.978
POP_TOTAL,SP.POP.TOTL,Total population,Reach & Growth,HIGH,AUS,Australia,2025,0,OK,27614411.0,0,2026-07-13,2026-08-20 16:40:35.021
RURAL_POP,SP.RUR.TOTL.ZS,Rural population,Reach & Growth,HIGH,AUS,Australia,2025,0,OK,12.2807327333667,0,2026-07-13,2026-08-20 16:40:34.940
U5_MORTALITY,SH.DYN.MORT,"Mortality rate, under-5",Human Development,HIGH,AUS,Australia,2024,1,OK,3.6,0,2026-07-13,2026-08-20 16:40:34.771
EDUCATION,SE.PRM.CMPT.ZS,"Primary completion rate, total",Human Development,LOW,AUT,Austria,2024,1,OK,96.7410430908203,0,2026-07-13,2026-08-20 16:40:35.066
ELECTRICITY,EG.ELC.ACCS.ZS,Access to electricity,Infrastructure & Affordability,LOW,AUT,Austria,2024,1,OK,100.0,1,2026-07-13,2026-08-20 16:40:34.894
FRESHWATER_PC,ER.H2O.INTR.PC,Renewable internal freshwater resources per capita,Water Need,LOW,AUT,Austria,2022,3,OK,6082.82529760776,0,2026-07-13,2026-08-20 16:40:34.738
GDP_PC_PPP,NY.GDP.PCAP.PP.CD,"GDP per capita, PPP",Infrastructure & Affordability,LOW,AUT,Austria,2025,0,OK,76777.5421537618,1,2026-07-13,2026-08-20 16:40:34.813
POP_GROWTH,SP.POP.GROW,Population growth,Reach & Growth,HIGH,AUT,Austria,2025,0,OK,0.328301850203979,1,2026-07-13,2026-08-20 16:40:34.978
POP_TOTAL,SP.POP.TOTL,Total population,Reach & Growth,HIGH,AUT,Austria,2025,0,OK,9208163.0,0,2026-07-13,2026-08-20 16:40:35.021
RURAL_POP,SP.RUR.TOTL.ZS,Rural population,Reach & Growth,HIGH,AUT,Austria,2025,0,OK,30.2847847633647,0,2026-07-13,2026-08-20 16:40:34.940
U5_MORTALITY,SH.DYN.MORT,"Mortality rate, under-5",Human Development,HIGH,AUT,Austria,2024,1,OK,3.3,0,2026-07-13,2026-08-20 16:40:34.771
WATER_ACCESS,SH.H2O.SMDW.ZS,People using safely managed drinking water services,Water Need,LOW,AUT,Austria,2024,1,OK,98.8915357232143,0,2026-07-13,2026-08-20 16:40:34.666
EDUCATION,SE.PRM.CMPT.ZS,"Primary completion rate, total",Human Development,LOW,AZE,Azerbaijan,2024,1,OK,97.2039767305857,0,2026-07-13,2026-08-20 16:40:35.066
ELECTRICITY,EG.ELC.ACCS.ZS,Access to electricity,Infrastructure & Affordability,LOW,AZE,Azerbaijan,2024,1,OK,100.0,1,2026-07-13,2026-08-20 16:40:34.894
FRESHWATER_PC,ER.H2O.INTR.PC,Renewable internal freshwater resources per capita,Water Need,LOW,AZE,Azerbaijan,2022,3,OK,800.157290315405,0,2026-07-13,2026-08-20 16:40:34.738
GDP_PC_PPP,NY.GDP.PCAP.PP.CD,"GDP per capita, PPP",Infrastructure & Affordability,LOW,AZE,Azerbaijan,2025,0,OK,26112.5306828203,1,2026-07-13,2026-08-20 16:40:34.813
POP_GROWTH,SP.POP.GROW,Population growth,Reach & Growth,HIGH,AZE,Azerbaijan,2025,0,OK,0.431945667113889,1,2026-07-13,2026-08-20 16:40:34.978
POP_TOTAL,SP.POP.TOTL,Total population,Reach & Growth,HIGH,AZE,Azerbaijan,2025,0,OK,10246996.0,0,2026-07-13,2026-08-20 16:40:35.021
RURAL_POP,SP.RUR.TOTL.ZS,Rural population,Reach & Growth,HIGH,AZE,Azerbaijan,2025,0,OK,41.3628975718825,0,2026-07-13,2026-08-20 16:40:34.940
U5_MORTALITY,SH.DYN.MORT,"Mortality rate, under-5",Human Development,HIGH,AZE,Azerbaijan,2024,1,OK,17.9,0,2026-07-13,2026-08-20 16:40:34.771
WATER_ACCESS,SH.H2O.SMDW.ZS,People using safely managed drinking water services,Water Need,LOW,AZE,Azerbaijan,2024,1,OK,57.8118283196096,0,2026-07-13,2026-08-20 16:40:34.666
EDUCATION,SE.PRM.CMPT.ZS,"Primary completion rate, total",Human Development,LOW,BHS,"Bahamas, The",2019,6,STALE,87.8645014841977,0,2026-07-13,2026-08-20 16:40:35.066
ELECTRICITY,EG.ELC.ACCS.ZS,Access to electricity,Infrastructure & Affordability,LOW,BHS,"Bahamas, The",2024,1,OK,100.0,1,2026-07-13,2026-08-20 16:40:34.894
FRESHWATER_PC,ER.H2O.INTR.PC,Renewable internal freshwater resources per capita,Water Need,LOW,BHS,"Bahamas, The",2022,3,OK,1760.83795762921,0,2026-07-13,2026-08-20 16:40:34.738
GDP_PC_PPP,NY.GDP.PCAP.PP.CD,"GDP per capita, PPP",Infrastructure & Affordability,LOW,BHS,"Bahamas, The",2024,1,OK,41257.7650774105,1,2026-07-13,2026-08-20 16:40:34.813
POP_GROWTH,SP.POP.GROW,Population growth,Reach & Growth,HIGH,BHS,"Bahamas, The",2025,0,OK,0.43515303971882,1,2026-07-13,2026-08-20 16:40:34.978
POP_TOTAL,SP.POP.TOTL,Total population,Reach & Growth,HIGH,BHS,"Bahamas, The",2025,0,OK,403033.0,0,2026-07-13,2026-08-20 16:40:35.021
RURAL_POP,SP.RUR.TOTL.ZS,Rural population,Reach & Growth,HIGH,BHS,"Bahamas, The",2025,0,OK,18.6690827983972,0,2026-07-13,2026-08-20 16:40:34.940
U5_MORTALITY,SH.DYN.MORT,"Mortality rate, under-5",Human Development,HIGH,BHS,"Bahamas, The",2024,1,OK,12.4,0,2026-07-13,2026-08-20 16:40:34.771
EDUCATION,SE.PRM.CMPT.ZS,"Primary completion rate, total",Human Development,LOW,BHR,Bahrain,2024,1,OK,94.1088052754073,0,2026-07-13,2026-08-20 16:40:35.066
ELECTRICITY,EG.ELC.ACCS.ZS,Access to electricity,Infrastructure & Affordability,LOW,BHR,Bahrain,2024,1,OK,100.0,1,2026-07-13,2026-08-20 16:40:34.894
FRESHWATER_PC,ER.H2O.INTR.PC,Renewable internal freshwater resources per capita,Water Need,LOW,BHR,Bahrain,2022,3,OK,2.62347895609149,0,2026-07-13,2026-08-20 16:40:34.738
GDP_PC_PPP,NY.GDP.PCAP.PP.CD,"GDP per capita, PPP",Infrastructure & Affordability,LOW,BHR,Bahrain,2025,0,OK,70996.7821254802,1,2026-07-13,2026-08-20 16:40:34.813
POP_GROWTH,SP.POP.GROW,Population growth,Reach & Growth,HIGH,BHR,Bahrain,2025,0,OK,0.733516488465226,1,2026-07-13,2026-08-20 16:40:34.978
POP_TOTAL,SP.POP.TOTL,Total population,Reach & Growth,HIGH,BHR,Bahrain,2025,0,OK,1600366.0,0,2026-07-13,2026-08-20 16:40:35.021
RURAL_POP,SP.RUR.TOTL.ZS,Rural population,Reach & Growth,HIGH,BHR,Bahrain,2025,0,OK,0.0,0,2026-07-13,2026-08-20 16:40:34.940
U5_MORTALITY,SH.DYN.MORT,"Mortality rate, under-5",Human Development,HIGH,BHR,Bahrain,2024,1,OK,8.8,0,2026-07-13,2026-08-20 16:40:34.771
WATER_ACCESS,SH.H2O.SMDW.ZS,People using safely managed drinking water services,Water Need,LOW,BHR,Bahrain,2024,1,OK,98.9039755631804,0,2026-07-13,2026-08-20 16:40:34.666
EDUCATION,SE.PRM.CMPT.ZS,"Primary completion rate, total",Human Development,LOW,BGD,Bangladesh,2024,1,OK,94.3021681436472,0,2026-07-13,2026-08-20 16:40:35.066
ELECTRICITY,EG.ELC.ACCS.ZS,Access to electricity,Infrastructure & Affordability,LOW,BGD,Bangladesh,2024,1,OK,99.5,1,2026-07-13,2026-08-20 16:40:34.894
FRESHWATER_PC,ER.H2O.INTR.PC,Renewable internal freshwater resources per capita,Water Need,LOW,BGD,Bangladesh,2022,3,OK,619.889977558035,0,2026-07-13,2026-08-20 16:40:34.738
GDP_PC_PPP,NY.GDP.PCAP.PP.CD,"GDP per capita, PPP",Infrastructure & Affordability,LOW,BGD,Bangladesh,2025,0,OK,10153.7083791829,1,2026-07-13,2026-08-20 16:40:34.813
POP_GROWTH,SP.POP.GROW,Population growth,Reach & Growth,HIGH,BGD,Bangladesh,2025,0,OK,1.21664463269168,1,2026-07-13,2026-08-20 16:40:34.978
POP_TOTAL,SP.POP.TOTL,Total population,Reach & Growth,HIGH,BGD,Bangladesh,2025,0,OK,175686899.0,0,2026-07-13,2026-08-20 16:40:35.021
RURAL_POP,SP.RUR.TOTL.ZS,Rural population,Reach & Growth,HIGH,BGD,Bangladesh,2025,0,OK,66.7604152956025,0,2026-07-13,2026-08-20 16:40:34.940
U5_MORTALITY,SH.DYN.MORT,"Mortality rate, under-5",Human Development,HIGH,BGD,Bangladesh,2024,1,OK,30.5,0,2026-07-13,2026-08-20 16:40:34.771
WATER_ACCESS,SH.H2O.SMDW.ZS,People using safely managed drinking water services,Water Need,LOW,BGD,Bangladesh,2024,1,OK,59.1254259857148,0,2026-07-13,2026-08-20 16:40:34.666
EDUCATION,SE.PRM.CMPT.ZS,"Primary completion rate, total",Human Development,LOW,BRB,Barbados,2024,1,OK,85.2842809364548,0,2026-07-13,2026-08-20 16:40:35.066
ELECTRICITY,EG.ELC.ACCS.ZS,Access to electricity,Infrastructure & Affordability,LOW,BRB,Barbados,2024,1,OK,100.0,1,2026-07-13,2026-08-20 16:40:34.894
FRESHWATER_PC,ER.H2O.INTR.PC,Renewable internal freshwater resources per capita,Water Need,LOW,BRB,Barbados,2022,3,OK,283.368400172855,0,2026-07-13,2026-08-20 16:40:34.738
GDP_PC_PPP,NY.GDP.PCAP.PP.CD,"GDP per capita, PPP",Infrastructure & Affordability,LOW,BRB,Barbados,2025,0,OK,25893.8676913012,1,2026-07-13,2026-08-20 16:40:34.813
POP_GROWTH,SP.POP.GROW,Population growth,Reach & Growth,HIGH,BRB,Barbados,2025,0,OK,0.0552124454380577,1,2026-07-13,2026-08-20 16:40:34.978
POP_TOTAL,SP.POP.TOTL,Total population,Reach & Growth,HIGH,BRB,Barbados,2025,0,OK,282623.0,0,2026-07-13,2026-08-20 16:40:35.021
RURAL_POP,SP.RUR.TOTL.ZS,Rural population,Reach & Growth,HIGH,BRB,Barbados,2025,0,OK,40.3003760112993,0,2026-07-13,2026-08-20 16:40:34.940
U5_MORTALITY,SH.DYN.MORT,"Mortality rate, under-5",Human Development,HIGH,BRB,Barbados,2024,1,OK,9.8,0,2026-07-13,2026-08-20 16:40:34.771
EDUCATION,SE.PRM.CMPT.ZS,"Primary completion rate, total",Human Development,LOW,BLR,Belarus,2024,1,OK,95.772858453021,0,2026-07-13,2026-08-20 16:40:35.066
ELECTRICITY,EG.ELC.ACCS.ZS,Access to electricity,Infrastructure & Affordability,LOW,BLR,Belarus,2024,1,OK,100.0,1,2026-07-13,2026-08-20 16:40:34.894
FRESHWATER_PC,ER.H2O.INTR.PC,Renewable internal freshwater resources per capita,Water Need,LOW,BLR,Belarus,2022,3,OK,3684.41031717246,0,2026-07-13,2026-08-20 16:40:34.738
GDP_PC_PPP,NY.GDP.PCAP.PP.CD,"GDP per capita, PPP",Infrastructure & Affordability,LOW,BLR,Belarus,2025,0,OK,34715.9778689211,1,2026-07-13,2026-08-20 16:40:34.813
POP_GROWTH,SP.POP.GROW,Population growth,Reach & Growth,HIGH,BLR,Belarus,2025,0,OK,-0.511982816210923,1,2026-07-13,2026-08-20 16:40:34.978
POP_TOTAL,SP.POP.TOTL,Total population,Reach & Growth,HIGH,BLR,Belarus,2025,0,OK,9085991.0,0,2026-07-13,2026-08-20 16:40:35.021
RURAL_POP,SP.RUR.TOTL.ZS,Rural population,Reach & Growth,HIGH,BLR,Belarus,2025,0,OK,20.5054179619873,0,2026-07-13,2026-08-20 16:40:34.940
U5_MORTALITY,SH.DYN.MORT,"Mortality rate, under-5",Human Development,HIGH,BLR,Belarus,2024,1,OK,2.3,0,2026-07-13,2026-08-20 16:40:34.771
WATER_ACCESS,SH.H2O.SMDW.ZS,People using safely managed drinking water services,Water Need,LOW,BLR,Belarus,2024,1,OK,93.0597552933534,0,2026-07-13,2026-08-20 16:40:34.666
ELECTRICITY,EG.ELC.ACCS.ZS,Access to electricity,Infrastructure & Affordability,LOW,BEL,Belgium,2024,1,OK,100.0,1,2026-07-13,2026-08-20 16:40:34.894
FRESHWATER_PC,ER.H2O.INTR.PC,Renewable internal freshwater resources per capita,Water Need,LOW,BEL,Belgium,2022,3,OK,1027.3787885663,0,2026-07-13,2026-08-20 16:40:34.738
GDP_PC_PPP,NY.GDP.PCAP.PP.CD,"GDP per capita, PPP",Infrastructure & Affordability,LOW,BEL,Belgium,2025,0,OK,74675.607672673,1,2026-07-13,2026-08-20 16:40:34.813
POP_GROWTH,SP.POP.GROW,Population growth,Reach & Growth,HIGH,BEL,Belgium,2025,0,OK,0.698907329339411,1,2026-07-13,2026-08-20 16:40:34.978
POP_TOTAL,SP.POP.TOTL,Total population,Reach & Growth,HIGH,BEL,Belgium,2025,0,OK,11941781.0,0,2026-07-13,2026-08-20 16:40:35.021
RURAL_POP,SP.RUR.TOTL.ZS,Rural population,Reach & Growth,HIGH,BEL,Belgium,2025,0,OK,12.3273916885351,0,2026-07-13,2026-08-20 16:40:34.940
U5_MORTALITY,SH.DYN.MORT,"Mortality rate, under-5",Human Development,HIGH,BEL,Belgium,2024,1,OK,3.7,0,2026-07-13,2026-08-20 16:40:34.771
WATER_ACCESS,SH.H2O.SMDW.ZS,People using safely managed drinking water services,Water Need,LOW,BEL,Belgium,2024,1,OK,99.5471345182049,0,2026-07-13,2026-08-20 16:40:34.666
EDUCATION,SE.PRM.CMPT.ZS,"Primary completion rate, total",Human Development,LOW,BLZ,Belize,2024,1,OK,94.2174145299145,0,2026-07-13,2026-08-20 16:40:35.066
ELECTRICITY,EG.ELC.ACCS.ZS,Access to electricity,Infrastructure & Affordability,LOW,BLZ,Belize,2024,1,OK,99.6,1,2026-07-13,2026-08-20 16:40:34.894
FRESHWATER_PC,ER.H2O.INTR.PC,Renewable internal freshwater resources per capita,Water Need,LOW,BLZ,Belize,2022,3,OK,37891.1089977727,0,2026-07-13,2026-08-20 16:40:34.738
GDP_PC_PPP,NY.GDP.PCAP.PP.CD,"GDP per capita, PPP",Infrastructure & Affordability,LOW,BLZ,Belize,2025,0,OK,14965.7521203147,1,2026-07-13,2026-08-20 16:40:34.813
POP_GROWTH,SP.POP.GROW,Population growth,Reach & Growth,HIGH,BLZ,Belize,2025,0,OK,1.39336251081714,1,2026-07-13,2026-08-20 16:40:34.978
POP_TOTAL,SP.POP.TOTL,Total population,Reach & Growth,HIGH,BLZ,Belize,2025,0,OK,422924.0,0,2026-07-13,2026-08-20 16:40:35.021
RURAL_POP,SP.RUR.TOTL.ZS,Rural population,Reach & Growth,HIGH,BLZ,Belize,2025,0,OK,58.4378564571728,0,2026-07-13,2026-08-20 16:40:34.940
U5_MORTALITY,SH.DYN.MORT,"Mortality rate, under-5",Human Development,HIGH,BLZ,Belize,2024,1,OK,12.7,0,2026-07-13,2026-08-20 16:40:34.771
EDUCATION,SE.PRM.CMPT.ZS,"Primary completion rate, total",Human Development,LOW,BEN,Benin,2022,3,OK,61.6417503356934,0,2026-07-13,2026-08-20 16:40:35.066
ELECTRICITY,EG.ELC.ACCS.ZS,Access to electricity,Infrastructure & Affordability,LOW,BEN,Benin,2024,1,OK,59.0,1,2026-07-13,2026-08-20 16:40:34.894
FRESHWATER_PC,ER.H2O.INTR.PC,Renewable internal freshwater resources per capita,Water Need,LOW,BEN,Benin,2022,3,OK,748.573658303452,0,2026-07-13,2026-08-20 16:40:34.738
GDP_PC_PPP,NY.GDP.PCAP.PP.CD,"GDP per capita, PPP",Infrastructure & Affordability,LOW,BEN,Benin,2025,0,OK,4816.87504692826,1,2026-07-13,2026-08-20 16:40:34.813
POP_GROWTH,SP.POP.GROW,Population growth,Reach & Growth,HIGH,BEN,Benin,2025,0,OK,2.40291500851022,1,2026-07-13,2026-08-20 16:40:34.978
POP_TOTAL,SP.POP.TOTL,Total population,Reach & Growth,HIGH,BEN,Benin,2025,0,OK,14814460.0,0,2026-07-13,2026-08-20 16:40:35.021
RURAL_POP,SP.RUR.TOTL.ZS,Rural population,Reach & Growth,HIGH,BEN,Benin,2025,0,OK,46.6379926031812,0,2026-07-13,2026-08-20 16:40:34.940
U5_MORTALITY,SH.DYN.MORT,"Mortality rate, under-5",Human Development,HIGH,BEN,Benin,2024,1,OK,74.7,0,2026-07-13,2026-08-20 16:40:34.771
WATER_ACCESS,SH.H2O.SMDW.ZS,People using safely managed drinking water services,Water Need,LOW,BEN,Benin,2024,1,OK,17.6968322374867,0,2026-07-13,2026-08-20 16:40:34.666
ELECTRICITY,EG.ELC.ACCS.ZS,Access to electricity,Infrastructure & Affordability,LOW,BMU,Bermuda,2024,1,OK,100.0,1,2026-07-13,2026-08-20 16:40:34.894
GDP_PC_PPP,NY.GDP.PCAP.PP.CD,"GDP per capita, PPP",Infrastructure & Affordability,LOW,BMU,Bermuda,2024,1,OK,118727.973294368,1,2026-07-13,2026-08-20 16:40:34.813
POP_GROWTH,SP.POP.GROW,Population growth,Reach & Growth,HIGH,BMU,Bermuda,2025,0,OK,-0.125395748331922,1,2026-07-13,2026-08-20 16:40:34.978
POP_TOTAL,SP.POP.TOTL,Total population,Reach & Growth,HIGH,BMU,Bermuda,2025,0,OK,64555.0,0,2026-07-13,2026-08-20 16:40:35.021
RURAL_POP,SP.RUR.TOTL.ZS,Rural population,Reach & Growth,HIGH,BMU,Bermuda,2025,0,OK,0.0,0,2026-07-13,2026-08-20 16:40:34.940
EDUCATION,SE.PRM.CMPT.ZS,"Primary completion rate, total",Human Development,LOW,BTN,Bhutan,2024,1,OK,86.5400956353483,0,2026-07-13,2026-08-20 16:40:35.066
ELECTRICITY,EG.ELC.ACCS.ZS,Access to electricity,Infrastructure & Affordability,LOW,BTN,Bhutan,2024,1,OK,100.0,1,2026-07-13,2026-08-20 16:40:34.894
FRESHWATER_PC,ER.H2O.INTR.PC,Renewable internal freshwater resources per capita,Water Need,LOW,BTN,Bhutan,2022,3,OK,99882.9576624315,0,2026-07-13,2026-08-20 16:40:34.738
GDP_PC_PPP,NY.GDP.PCAP.PP.CD,"GDP per capita, PPP",Infrastructure & Affordability,LOW,BTN,Bhutan,2025,0,OK,19594.0028382994,1,2026-07-13,2026-08-20 16:40:34.813
POP_GROWTH,SP.POP.GROW,Population growth,Reach & Growth,HIGH,BTN,Bhutan,2025,0,OK,0.649540189970473,1,2026-07-13,2026-08-20 16:40:34.978
POP_TOTAL,SP.POP.TOTL,Total population,Reach & Growth,HIGH,BTN,Bhutan,2025,0,OK,796682.0,0,2026-07-13,2026-08-20 16:40:35.021
RURAL_POP,SP.RUR.TOTL.ZS,Rural population,Reach & Growth,HIGH,BTN,Bhutan,2025,0,OK,56.5698167526247,0,2026-07-13,2026-08-20 16:40:34.940
U5_MORTALITY,SH.DYN.MORT,"Mortality rate, under-5",Human Development,HIGH,BTN,Bhutan,2024,1,OK,17.2,0,2026-07-13,2026-08-20 16:40:34.771
WATER_ACCESS,SH.H2O.SMDW.ZS,People using safely managed drinking water services,Water Need,LOW,BTN,Bhutan,2024,1,OK,65.5942159692749,0,2026-07-13,2026-08-20 16:40:34.666
EDUCATION,SE.PRM.CMPT.ZS,"Primary completion rate, total",Human Development,LOW,BOL,Bolivia,2024,1,OK,90.9584503173828,0,2026-07-13,2026-08-20 16:40:35.066
ELECTRICITY,EG.ELC.ACCS.ZS,Access to electricity,Infrastructure & Affordability,LOW,BOL,Bolivia,2024,1,OK,96.6,1,2026-07-13,2026-08-20 16:40:34.894
FRESHWATER_PC,ER.H2O.INTR.PC,Renewable internal freshwater resources per capita,Water Need,LOW,BOL,Bolivia,2022,3,OK,25130.0927354243,0,2026-07-13,2026-08-20 16:40:34.738
GDP_PC_PPP,NY.GDP.PCAP.PP.CD,"GDP per capita, PPP",Infrastructure & Affordability,LOW,BOL,Bolivia,2025,0,OK,12873.0394876629,1,2026-07-13,2026-08-20 16:40:34.813
POP_GROWTH,SP.POP.GROW,Population growth,Reach & Growth,HIGH,BOL,Bolivia,2025,0,OK,1.34850560934918,1,2026-07-13,2026-08-20 16:40:34.978
POP_TOTAL,SP.POP.TOTL,Total population,Reach & Growth,HIGH,BOL,Bolivia,2025,0,OK,12581843.0,0,2026-07-13,2026-08-20 16:40:35.021
RURAL_POP,SP.RUR.TOTL.ZS,Rural population,Reach & Growth,HIGH,BOL,Bolivia,2025,0,OK,28.4368962734131,0,2026-07-13,2026-08-20 16:40:34.940
U5_MORTALITY,SH.DYN.MORT,"Mortality rate, under-5",Human Development,HIGH,BOL,Bolivia,2024,1,OK,15.7,0,2026-07-13,2026-08-20 16:40:34.771
EDUCATION,SE.PRM.CMPT.ZS,"Primary completion rate, total",Human Development,LOW,BIH,Bosnia and Herzegovina,2023,2,OK,100.520736694336,0,2026-07-13,2026-08-20 16:40:35.066
ELECTRICITY,EG.ELC.ACCS.ZS,Access to electricity,Infrastructure & Affordability,LOW,BIH,Bosnia and Herzegovina,2024,1,OK,100.0,1,2026-07-13,2026-08-20 16:40:34.894
FRESHWATER_PC,ER.H2O.INTR.PC,Renewable internal freshwater resources per capita,Water Need,LOW,BIH,Bosnia and Herzegovina,2022,3,OK,11077.1273857168,0,2026-07-13,2026-08-20 16:40:34.738
GDP_PC_PPP,NY.GDP.PCAP.PP.CD,"GDP per capita, PPP",Infrastructure & Affordability,LOW,BIH,Bosnia and Herzegovina,2025,0,OK,25814.2641520511,1,2026-07-13,2026-08-20 16:40:34.813
POP_GROWTH,SP.POP.GROW,Population growth,Reach & Growth,HIGH,BIH,Bosnia and Herzegovina,2025,0,OK,-0.766395454237064,1,2026-07-13,2026-08-20 16:40:34.978
POP_TOTAL,SP.POP.TOTL,Total population,Reach & Growth,HIGH,BIH,Bosnia and Herzegovina,2025,0,OK,3140095.0,0,2026-07-13,2026-08-20 16:40:35.021
RURAL_POP,SP.RUR.TOTL.ZS,Rural population,Reach & Growth,HIGH,BIH,Bosnia and Herzegovina,2025,0,OK,47.3084559220439,0,2026-07-13,2026-08-20 16:40:34.940
U5_MORTALITY,SH.DYN.MORT,"Mortality rate, under-5",Human Development,HIGH,BIH,Bosnia and Herzegovina,2024,1,OK,6.9,0,2026-07-13,2026-08-20 16:40:34.771
WATER_ACCESS,SH.H2O.SMDW.ZS,People using safely managed drinking water services,Water Need,LOW,BIH,Bosnia and Herzegovina,2024,1,OK,86.400107879006,0,2026-07-13,2026-08-20 16:40:34.666
EDUCATION,SE.PRM.CMPT.ZS,"Primary completion rate, total",Human Development,LOW,BWA,Botswana,2022,3,OK,101.532181974812,0,2026-07-13,2026-08-20 16:40:35.066
ELECTRICITY,EG.ELC.ACCS.ZS,Access to electricity,Infrastructure & Affordability,LOW,BWA,Botswana,2024,1,OK,80.2,1,2026-07-13,2026-08-20 16:40:34.894
FRESHWATER_PC,ER.H2O.INTR.PC,Renewable internal freshwater resources per capita,Water Need,LOW,BWA,Botswana,2022,3,OK,983.650095987855,0,2026-07-13,2026-08-20 16:40:34.738
GDP_PC_PPP,NY.GDP.PCAP.PP.CD,"GDP per capita, PPP",Infrastructure & Affordability,LOW,BWA,Botswana,2025,0,OK,20697.9104661898,1,2026-07-13,2026-08-20 16:40:34.813
POP_GROWTH,SP.POP.GROW,Population growth,Reach & Growth,HIGH,BWA,Botswana,2025,0,OK,1.61250378521521,1,2026-07-13,2026-08-20 16:40:34.978
POP_TOTAL,SP.POP.TOTL,Total population,Reach & Growth,HIGH,BWA,Botswana,2025,0,OK,2562122.0,0,2026-07-13,2026-08-20 16:40:35.021
RURAL_POP,SP.RUR.TOTL.ZS,Rural population,Reach & Growth,HIGH,BWA,Botswana,2025,0,OK,32.0440438467898,0,2026-07-13,2026-08-20 16:40:34.940
U5_MORTALITY,SH.DYN.MORT,"Mortality rate, under-5",Human Development,HIGH,BWA,Botswana,2024,1,OK,33.3,0,2026-07-13,2026-08-20 16:40:34.771
WATER_ACCESS,SH.H2O.SMDW.ZS,People using safely managed drinking water services,Water Need,LOW,BWA,Botswana,2024,1,OK,63.2910412393649,0,2026-07-13,2026-08-20 16:40:34.666
ELECTRICITY,EG.ELC.ACCS.ZS,Access to electricity,Infrastructure & Affordability,LOW,BRA,Brazil,2024,1,OK,99.8,1,2026-07-13,2026-08-20 16:40:34.894
FRESHWATER_PC,ER.H2O.INTR.PC,Renewable internal freshwater resources per capita,Water Need,LOW,BRA,Brazil,2022,3,OK,26917.8664854327,0,2026-07-13,2026-08-20 16:40:34.738
GDP_PC_PPP,NY.GDP.PCAP.PP.CD,"GDP per capita, PPP",Infrastructure & Affordability,LOW,BRA,Brazil,2025,0,OK,23433.2897595431,1,2026-07-13,2026-08-20 16:40:34.813
POP_GROWTH,SP.POP.GROW,Population growth,Reach & Growth,HIGH,BRA,Brazil,2025,0,OK,0.383150642409967,1,2026-07-13,2026-08-20 16:40:34.978
POP_TOTAL,SP.POP.TOTL,Total population,Reach & Growth,HIGH,BRA,Brazil,2025,0,OK,212812405.0,0,2026-07-13,2026-08-20 16:40:35.021
RURAL_POP,SP.RUR.TOTL.ZS,Rural population,Reach & Growth,HIGH,BRA,Brazil,2025,0,OK,11.8227003512102,0,2026-07-13,2026-08-20 16:40:34.940
U5_MORTALITY,SH.DYN.MORT,"Mortality rate, under-5",Human Development,HIGH,BRA,Brazil,2024,1,OK,14.2,0,2026-07-13,2026-08-20 16:40:34.771
WATER_ACCESS,SH.H2O.SMDW.ZS,People using safely managed drinking water services,Water Need,LOW,BRA,Brazil,2024,1,OK,88.6239660721414,0,2026-07-13,2026-08-20 16:40:34.666
EDUCATION,SE.PRM.CMPT.ZS,"Primary completion rate, total",Human Development,LOW,VGB,British Virgin Islands,2024,1,OK,46.419750213623,0,2026-07-13,2026-08-20 16:40:35.066
ELECTRICITY,EG.ELC.ACCS.ZS,Access to electricity,Infrastructure & Affordability,LOW,VGB,British Virgin Islands,2024,1,OK,100.0,1,2026-07-13,2026-08-20 16:40:34.894
POP_GROWTH,SP.POP.GROW,Population growth,Reach & Growth,HIGH,VGB,British Virgin Islands,2025,0,OK,0.659068330129875,1,2026-07-13,2026-08-20 16:40:34.978
POP_TOTAL,SP.POP.TOTL,Total population,Reach & Growth,HIGH,VGB,British Virgin Islands,2025,0,OK,39732.0,0,2026-07-13,2026-08-20 16:40:35.021
RURAL_POP,SP.RUR.TOTL.ZS,Rural population,Reach & Growth,HIGH,VGB,British Virgin Islands,2025,0,OK,42.6048090186357,0,2026-07-13,2026-08-20 16:40:34.940
U5_MORTALITY,SH.DYN.MORT,"Mortality rate, under-5",Human Development,HIGH,VGB,British Virgin Islands,2024,1,OK,12.4,0,2026-07-13,2026-08-20 16:40:34.771
EDUCATION,SE.PRM.CMPT.ZS,"Primary completion rate, total",Human Development,LOW,BRN,Brunei Darussalam,2024,1,OK,99.3799153055051,0,2026-07-13,2026-08-20 16:40:35.066
ELECTRICITY,EG.ELC.ACCS.ZS,Access to electricity,Infrastructure & Affordability,LOW,BRN,Brunei Darussalam,2024,1,OK,100.0,1,2026-07-13,2026-08-20 16:40:34.894
FRESHWATER_PC,ER.H2O.INTR.PC,Renewable internal freshwater resources per capita,Water Need,LOW,BRN,Brunei Darussalam,2022,3,OK,18666.1396227244,0,2026-07-13,2026-08-20 16:40:34.738
GDP_PC_PPP,NY.GDP.PCAP.PP.CD,"GDP per capita, PPP",Infrastructure & Affordability,LOW,BRN,Brunei Darussalam,2025,0,OK,92429.9262686398,1,2026-07-13,2026-08-20 16:40:34.813
POP_GROWTH,SP.POP.GROW,Population growth,Reach & Growth,HIGH,BRN,Brunei Darussalam,2025,0,OK,0.776925734682091,1,2026-07-13,2026-08-20 16:40:34.978
POP_TOTAL,SP.POP.TOTL,Total population,Reach & Growth,HIGH,BRN,Brunei Darussalam,2025,0,OK,466330.0,0,2026-07-13,2026-08-20 16:40:35.021
RURAL_POP,SP.RUR.TOTL.ZS,Rural population,Reach & Growth,HIGH,BRN,Brunei Darussalam,2025,0,OK,24.9890113413181,0,2026-07-13,2026-08-20 16:40:34.940
U5_MORTALITY,SH.DYN.MORT,"Mortality rate, under-5",Human Development,HIGH,BRN,Brunei Darussalam,2024,1,OK,9.9,0,2026-07-13,2026-08-20 16:40:34.771
EDUCATION,SE.PRM.CMPT.ZS,"Primary completion rate, total",Human Development,LOW,BGR,Bulgaria,2024,1,OK,94.5768127441406,0,2026-07-13,2026-08-20 16:40:35.066
ELECTRICITY,EG.ELC.ACCS.ZS,Access to electricity,Infrastructure & Affordability,LOW,BGR,Bulgaria,2024,1,OK,100.0,1,2026-07-13,2026-08-20 16:40:34.894
FRESHWATER_PC,ER.H2O.INTR.PC,Renewable internal freshwater resources per capita,Water Need,LOW,BGR,Bulgaria,2022,3,OK,3248.21112506123,0,2026-07-13,2026-08-20 16:40:34.738
GDP_PC_PPP,NY.GDP.PCAP.PP.CD,"GDP per capita, PPP",Infrastructure & Affordability,LOW,BGR,Bulgaria,2025,0,OK,44451.1001576913,1,2026-07-13,2026-08-20 16:40:34.813
POP_GROWTH,SP.POP.GROW,Population growth,Reach & Growth,HIGH,BGR,Bulgaria,2025,0,OK,-0.126123118551665,1,2026-07-13,2026-08-20 16:40:34.978
POP_TOTAL,SP.POP.TOTL,Total population,Reach & Growth,HIGH,BGR,Bulgaria,2025,0,OK,6433302.0,0,2026-07-13,2026-08-20 16:40:35.021
RURAL_POP,SP.RUR.TOTL.ZS,Rural population,Reach & Growth,HIGH,BGR,Bulgaria,2025,0,OK,25.8272498151525,0,2026-07-13,2026-08-20 16:40:34.940
U5_MORTALITY,SH.DYN.MORT,"Mortality rate, under-5",Human Development,HIGH,BGR,Bulgaria,2024,1,OK,5.7,0,2026-07-13,2026-08-20 16:40:34.771
WATER_ACCESS,SH.H2O.SMDW.ZS,People using safely managed drinking water services,Water Need,LOW,BGR,Bulgaria,2024,1,OK,96.2070781494387,0,2026-07-13,2026-08-20 16:40:34.666
EDUCATION,SE.PRM.CMPT.ZS,"Primary completion rate, total",Human Development,LOW,BFA,Burkina Faso,2024,1,OK,51.9892903102133,0,2026-07-13,2026-08-20 16:40:35.066
ELECTRICITY,EG.ELC.ACCS.ZS,Access to electricity,Infrastructure & Affordability,LOW,BFA,Burkina Faso,2024,1,OK,34.0,1,2026-07-13,2026-08-20 16:40:34.894
FRESHWATER_PC,ER.H2O.INTR.PC,Renewable internal freshwater resources per capita,Water Need,LOW,BFA,Burkina Faso,2022,3,OK,555.332484666826,0,2026-07-13,2026-08-20 16:40:34.738
GDP_PC_PPP,NY.GDP.PCAP.PP.CD,"GDP per capita, PPP",Infrastructure & Affordability,LOW,BFA,Burkina Faso,2025,0,OK,3071.62546744866,1,2026-07-13,2026-08-20 16:40:34.813
POP_GROWTH,SP.POP.GROW,Population growth,Reach & Growth,HIGH,BFA,Burkina Faso,2025,0,OK,2.20824551344995,1,2026-07-13,2026-08-20 16:40:34.978
POP_TOTAL,SP.POP.TOTL,Total population,Reach & Growth,HIGH,BFA,Burkina Faso,2025,0,OK,24074580.0,0,2026-07-13,2026-08-20 16:40:35.021
RURAL_POP,SP.RUR.TOTL.ZS,Rural population,Reach & Growth,HIGH,BFA,Burkina Faso,2025,0,OK,71.0773639280915,0,2026-07-13,2026-08-20 16:40:34.940
U5_MORTALITY,SH.DYN.MORT,"Mortality rate, under-5",Human Development,HIGH,BFA,Burkina Faso,2024,1,OK,74.9,0,2026-07-13,2026-08-20 16:40:34.771
EDUCATION,SE.PRM.CMPT.ZS,"Primary completion rate, total",Human Development,LOW,BDI,Burundi,2020,5,STALE,47.609493213452,0,2026-07-13,2026-08-20 16:40:35.066
ELECTRICITY,EG.ELC.ACCS.ZS,Access to electricity,Infrastructure & Affordability,LOW,BDI,Burundi,2024,1,OK,20.1,1,2026-07-13,2026-08-20 16:40:34.894
FRESHWATER_PC,ER.H2O.INTR.PC,Renewable internal freshwater resources per capita,Water Need,LOW,BDI,Burundi,2022,3,OK,755.193059550576,0,2026-07-13,2026-08-20 16:40:34.738
GDP_PC_PPP,NY.GDP.PCAP.PP.CD,"GDP per capita, PPP",Infrastructure & Affordability,LOW,BDI,Burundi,2025,0,OK,1248.05425025467,1,2026-07-13,2026-08-20 16:40:34.813
POP_GROWTH,SP.POP.GROW,Population growth,Reach & Growth,HIGH,BDI,Burundi,2025,0,OK,2.40689260858279,1,2026-07-13,2026-08-20 16:40:34.978
POP_TOTAL,SP.POP.TOTL,Total population,Reach & Growth,HIGH,BDI,Burundi,2025,0,OK,14390003.0,0,2026-07-13,2026-08-20 16:40:35.021
RURAL_POP,SP.RUR.TOTL.ZS,Rural population,Reach & Growth,HIGH,BDI,Burundi,2025,0,OK,74.3129815318337,0,2026-07-13,2026-08-20 16:40:34.940
U5_MORTALITY,SH.DYN.MORT,"Mortality rate, under-5",Human Development,HIGH,BDI,Burundi,2024,1,OK,47.1,0,2026-07-13,2026-08-20 16:40:34.771
EDUCATION,SE.PRM.CMPT.ZS,"Primary completion rate, total",Human Development,LOW,CPV,Cabo Verde,2022,3,OK,99.0985576923077,0,2026-07-13,2026-08-20 16:40:35.066
ELECTRICITY,EG.ELC.ACCS.ZS,Access to electricity,Infrastructure & Affordability,LOW,CPV,Cabo Verde,2024,1,OK,98.4,1,2026-07-13,2026-08-20 16:40:34.894
FRESHWATER_PC,ER.H2O.INTR.PC,Renewable internal freshwater resources per capita,Water Need,LOW,CPV,Cabo Verde,2022,3,OK,577.21057218884,0,2026-07-13,2026-08-20 16:40:34.738
GDP_PC_PPP,NY.GDP.PCAP.PP.CD,"GDP per capita, PPP",Infrastructure & Affordability,LOW,CPV,Cabo Verde,2025,0,OK,12165.2989335356,1,2026-07-13,2026-08-20 16:40:34.813
POP_GROWTH,SP.POP.GROW,Population growth,Reach & Growth,HIGH,CPV,Cabo Verde,2025,0,OK,0.465500368710652,1,2026-07-13,2026-08-20 16:40:34.978
POP_TOTAL,SP.POP.TOTL,Total population,Reach & Growth,HIGH,CPV,Cabo Verde,2025,0,OK,527326.0,0,2026-07-13,2026-08-20 16:40:35.021
RURAL_POP,SP.RUR.TOTL.ZS,Rural population,Reach & Growth,HIGH,CPV,Cabo Verde,2025,0,OK,22.3699331989932,0,2026-07-13,2026-08-20 16:40:34.940
U5_MORTALITY,SH.DYN.MORT,"Mortality rate, under-5",Human Development,HIGH,CPV,Cabo Verde,2024,1,OK,11.1,0,2026-07-13,2026-08-20 16:40:34.771
EDUCATION,SE.PRM.CMPT.ZS,"Primary completion rate, total",Human Development,LOW,KHM,Cambodia,2024,1,OK,90.9948884997473,0,2026-07-13,2026-08-20 16:40:35.066
ELECTRICITY,EG.ELC.ACCS.ZS,Access to electricity,Infrastructure & Affordability,LOW,KHM,Cambodia,2024,1,OK,99.2,1,2026-07-13,2026-08-20 16:40:34.894
FRESHWATER_PC,ER.H2O.INTR.PC,Renewable internal freshwater resources per capita,Water Need,LOW,KHM,Cambodia,2022,3,OK,7010.92518401063,0,2026-07-13,2026-08-20 16:40:34.738
GDP_PC_PPP,NY.GDP.PCAP.PP.CD,"GDP per capita, PPP",Infrastructure & Affordability,LOW,KHM,Cambodia,2025,0,OK,8542.6965378612,1,2026-07-13,2026-08-20 16:40:34.813
POP_GROWTH,SP.POP.GROW,Population growth,Reach & Growth,HIGH,KHM,Cambodia,2025,0,OK,1.17893708663597,1,2026-07-13,2026-08-20 16:40:34.978
POP_TOTAL,SP.POP.TOTL,Total population,Reach & Growth,HIGH,KHM,Cambodia,2025,0,OK,17847982.0,0,2026-07-13,2026-08-20 16:40:35.021
RURAL_POP,SP.RUR.TOTL.ZS,Rural population,Reach & Growth,HIGH,KHM,Cambodia,2025,0,OK,58.89438060599,0,2026-07-13,2026-08-20 16:40:34.940
U5_MORTALITY,SH.DYN.MORT,"Mortality rate, under-5",Human Development,HIGH,KHM,Cambodia,2024,1,OK,18.4,0,2026-07-13,2026-08-20 16:40:34.771
WATER_ACCESS,SH.H2O.SMDW.ZS,People using safely managed drinking water services,Water Need,LOW,KHM,Cambodia,2024,1,OK,29.9855761398875,0,2026-07-13,2026-08-20 16:40:34.666
EDUCATION,SE.PRM.CMPT.ZS,"Primary completion rate, total",Human Development,LOW,CMR,Cameroon,2024,1,OK,75.2884678128093,0,2026-07-13,2026-08-20 16:40:35.066
ELECTRICITY,EG.ELC.ACCS.ZS,Access to electricity,Infrastructure & Affordability,LOW,CMR,Cameroon,2024,1,OK,72.0,1,2026-07-13,2026-08-20 16:40:34.894
FRESHWATER_PC,ER.H2O.INTR.PC,Renewable internal freshwater resources per capita,Water Need,LOW,CMR,Cameroon,2022,3,OK,9879.57378577776,0,2026-07-13,2026-08-20 16:40:34.738
GDP_PC_PPP,NY.GDP.PCAP.PP.CD,"GDP per capita, PPP",Infrastructure & Affordability,LOW,CMR,Cameroon,2025,0,OK,5787.85440270861,1,2026-07-13,2026-08-20 16:40:34.813
POP_GROWTH,SP.POP.GROW,Population growth,Reach & Growth,HIGH,CMR,Cameroon,2025,0,OK,2.56133847709635,1,2026-07-13,2026-08-20 16:40:34.978
POP_TOTAL,SP.POP.TOTL,Total population,Reach & Growth,HIGH,CMR,Cameroon,2025,0,OK,29879337.0,0,2026-07-13,2026-08-20 16:40:35.021
RURAL_POP,SP.RUR.TOTL.ZS,Rural population,Reach & Growth,HIGH,CMR,Cameroon,2025,0,OK,44.3307958338677,0,2026-07-13,2026-08-20 16:40:34.940
U5_MORTALITY,SH.DYN.MORT,"Mortality rate, under-5",Human Development,HIGH,CMR,Cameroon,2024,1,OK,64.8,0,2026-07-13,2026-08-20 16:40:34.771
ELECTRICITY,EG.ELC.ACCS.ZS,Access to electricity,Infrastructure & Affordability,LOW,CAN,Canada,2024,1,OK,100.0,1,2026-07-13,2026-08-20 16:40:34.894
FRESHWATER_PC,ER.H2O.INTR.PC,Renewable internal freshwater resources per capita,Water Need,LOW,CAN,Canada,2022,3,OK,73170.4837354595,0,2026-07-13,2026-08-20 16:40:34.738
GDP_PC_PPP,NY.GDP.PCAP.PP.CD,"GDP per capita, PPP",Infrastructure & Affordability,LOW,CAN,Canada,2025,0,OK,66745.8248561648,1,2026-07-13,2026-08-20 16:40:34.813
POP_GROWTH,SP.POP.GROW,Population growth,Reach & Growth,HIGH,CAN,Canada,2025,0,OK,0.939110272846239,1,2026-07-13,2026-08-20 16:40:34.978
POP_TOTAL,SP.POP.TOTL,Total population,Reach & Growth,HIGH,CAN,Canada,2025,0,OK,41651653.0,0,2026-07-13,2026-08-20 16:40:35.021
RURAL_POP,SP.RUR.TOTL.ZS,Rural population,Reach & Growth,HIGH,CAN,Canada,2025,0,OK,17.1242979746114,0,2026-07-13,2026-08-20 16:40:34.940
U5_MORTALITY,SH.DYN.MORT,"Mortality rate, under-5",Human Development,HIGH,CAN,Canada,2024,1,OK,5.4,0,2026-07-13,2026-08-20 16:40:34.771
WATER_ACCESS,SH.H2O.SMDW.ZS,People using safely managed drinking water services,Water Need,LOW,CAN,Canada,2024,1,OK,96.890322656349,0,2026-07-13,2026-08-20 16:40:34.666
EDUCATION,SE.PRM.CMPT.ZS,"Primary completion rate, total",Human Development,LOW,CYM,Cayman Islands,2024,1,OK,106.46437994723,0,2026-07-13,2026-08-20 16:40:35.066
ELECTRICITY,EG.ELC.ACCS.ZS,Access to electricity,Infrastructure & Affordability,LOW,CYM,Cayman Islands,2024,1,OK,100.0,1,2026-07-13,2026-08-20 16:40:34.894
GDP_PC_PPP,NY.GDP.PCAP.PP.CD,"GDP per capita, PPP",Infrastructure & Affordability,LOW,CYM,Cayman Islands,2024,1,OK,92201.086358256,1,2026-07-13,2026-08-20 16:40:34.813
POP_GROWTH,SP.POP.GROW,Population growth,Reach & Growth,HIGH,CYM,Cayman Islands,2025,0,OK,1.84568216276921,1,2026-07-13,2026-08-20 16:40:34.978
POP_TOTAL,SP.POP.TOTL,Total population,Reach & Growth,HIGH,CYM,Cayman Islands,2025,0,OK,75844.0,0,2026-07-13,2026-08-20 16:40:35.021
RURAL_POP,SP.RUR.TOTL.ZS,Rural population,Reach & Growth,HIGH,CYM,Cayman Islands,2025,0,OK,0.0,0,2026-07-13,2026-08-20 16:40:34.940
ELECTRICITY,EG.ELC.ACCS.ZS,Access to electricity,Infrastructure & Affordability,LOW,CAF,Central African Republic,2024,1,OK,18.2,1,2026-07-13,2026-08-20 16:40:34.894
FRESHWATER_PC,ER.H2O.INTR.PC,Renewable internal freshwater resources per capita,Water Need,LOW,CAF,Central African Republic,2022,3,OK,27657.6934778255,0,2026-07-13,2026-08-20 16:40:34.738
GDP_PC_PPP,NY.GDP.PCAP.PP.CD,"GDP per capita, PPP",Infrastructure & Affordability,LOW,CAF,Central African Republic,2025,0,OK,1313.8765680523,1,2026-07-13,2026-08-20 16:40:34.813
POP_GROWTH,SP.POP.GROW,Population growth,Reach & Growth,HIGH,CAF,Central African Republic,2025,0,OK,3.36794044132968,1,2026-07-13,2026-08-20 16:40:34.978
POP_TOTAL,SP.POP.TOTL,Total population,Reach & Growth,HIGH,CAF,Central African Republic,2025,0,OK,5513282.0,0,2026-07-13,2026-08-20 16:40:35.021
RURAL_POP,SP.RUR.TOTL.ZS,Rural population,Reach & Growth,HIGH,CAF,Central African Republic,2025,0,OK,55.4467843318184,0,2026-07-13,2026-08-20 16:40:34.940
U5_MORTALITY,SH.DYN.MORT,"Mortality rate, under-5",Human Development,HIGH,CAF,Central African Republic,2024,1,OK,89.7,0,2026-07-13,2026-08-20 16:40:34.771
WATER_ACCESS,SH.H2O.SMDW.ZS,People using safely managed drinking water services,Water Need,LOW,CAF,Central African Republic,2024,1,OK,6.21748768966731,0,2026-07-13,2026-08-20 16:40:34.666
EDUCATION,SE.PRM.CMPT.ZS,"Primary completion rate, total",Human Development,LOW,TCD,Chad,2021,4,OK,41.849262823527,0,2026-07-13,2026-08-20 16:40:35.066
ELECTRICITY,EG.ELC.ACCS.ZS,Access to electricity,Infrastructure & Affordability,LOW,TCD,Chad,2024,1,OK,13.4,1,2026-07-13,2026-08-20 16:40:34.894
FRESHWATER_PC,ER.H2O.INTR.PC,Renewable internal freshwater resources per capita,Water Need,LOW,TCD,Chad,2022,3,OK,812.773945458317,0,2026-07-13,2026-08-20 16:40:34.738
GDP_PC_PPP,NY.GDP.PCAP.PP.CD,"GDP per capita, PPP",Infrastructure & Affordability,LOW,TCD,Chad,2025,0,OK,2902.7406157583,1,2026-07-13,2026-08-20 16:40:34.813
POP_GROWTH,SP.POP.GROW,Population growth,Reach & Growth,HIGH,TCD,Chad,2025,0,OK,3.41211675890953,1,2026-07-13,2026-08-20 16:40:34.978
POP_TOTAL,SP.POP.TOTL,Total population,Reach & Growth,HIGH,TCD,Chad,2025,0,OK,21003705.0,0,2026-07-13,2026-08-20 16:40:35.021
RURAL_POP,SP.RUR.TOTL.ZS,Rural population,Reach & Growth,HIGH,TCD,Chad,2025,0,OK,72.4341213663135,0,2026-07-13,2026-08-20 16:40:34.940
U5_MORTALITY,SH.DYN.MORT,"Mortality rate, under-5",Human Development,HIGH,TCD,Chad,2024,1,OK,97.3,0,2026-07-13,2026-08-20 16:40:34.771
WATER_ACCESS,SH.H2O.SMDW.ZS,People using safely managed drinking water services,Water Need,LOW,TCD,Chad,2024,1,OK,6.34082647389426,0,2026-07-13,2026-08-20 16:40:34.666
ELECTRICITY,EG.ELC.ACCS.ZS,Access to electricity,Infrastructure & Affordability,LOW,CHI,Channel Islands,2024,1,OK,100.0,1,2026-07-13,2026-08-20 16:40:34.894
POP_GROWTH,SP.POP.GROW,Population growth,Reach & Growth,HIGH,CHI,Channel Islands,2025,0,OK,0.202025072,1,2026-07-13,2026-08-20 16:40:34.978
POP_TOTAL,SP.POP.TOTL,Total population,Reach & Growth,HIGH,CHI,Channel Islands,2025,0,OK,168466.0,0,2026-07-13,2026-08-20 16:40:35.021
RURAL_POP,SP.RUR.TOTL.ZS,Rural population,Reach & Growth,HIGH,CHI,Channel Islands,2025,0,OK,67.3569143653902,0,2026-07-13,2026-08-20 16:40:34.940
EDUCATION,SE.PRM.CMPT.ZS,"Primary completion rate, total",Human Development,LOW,CHL,Chile,2024,1,OK,99.1425704956055,0,2026-07-13,2026-08-20 16:40:35.066
ELECTRICITY,EG.ELC.ACCS.ZS,Access to electricity,Infrastructure & Affordability,LOW,CHL,Chile,2024,1,OK,99.0,1,2026-07-13,2026-08-20 16:40:34.894
FRESHWATER_PC,ER.H2O.INTR.PC,Renewable internal freshwater resources per capita,Water Need,LOW,CHL,Chile,2022,3,OK,45261.513352709,0,2026-07-13,2026-08-20 16:40:34.738
GDP_PC_PPP,NY.GDP.PCAP.PP.CD,"GDP per capita, PPP",Infrastructure & Affordability,LOW,CHL,Chile,2025,0,OK,37774.0879069903,1,2026-07-13,2026-08-20 16:40:34.813
POP_GROWTH,SP.POP.GROW,Population growth,Reach & Growth,HIGH,CHL,Chile,2025,0,OK,0.480257021978241,1,2026-07-13,2026-08-20 16:40:34.978
POP_TOTAL,SP.POP.TOTL,Total population,Reach & Growth,HIGH,CHL,Chile,2025,0,OK,19859921.0,0,2026-07-13,2026-08-20 16:40:35.021
RURAL_POP,SP.RUR.TOTL.ZS,Rural population,Reach & Growth,HIGH,CHL,Chile,2025,0,OK,10.8227169980777,0,2026-07-13,2026-08-20 16:40:34.940
U5_MORTALITY,SH.DYN.MORT,"Mortality rate, under-5",Human Development,HIGH,CHL,Chile,2024,1,OK,6.8,0,2026-07-13,2026-08-20 16:40:34.771
WATER_ACCESS,SH.H2O.SMDW.ZS,People using safely managed drinking water services,Water Need,LOW,CHL,Chile,2024,1,OK,97.8170551998161,0,2026-07-13,2026-08-20 16:40:34.666
ELECTRICITY,EG.ELC.ACCS.ZS,Access to electricity,Infrastructure & Affordability,LOW,CHN,China,2024,1,OK,100.0,1,2026-07-13,2026-08-20 16:40:34.894
FRESHWATER_PC,ER.H2O.INTR.PC,Renewable internal freshwater resources per capita,Water Need,LOW,CHN,China,2022,3,OK,1991.89193973835,0,2026-07-13,2026-08-20 16:40:34.738
GDP_PC_PPP,NY.GDP.PCAP.PP.CD,"GDP per capita, PPP",Infrastructure & Affordability,LOW,CHN,China,2025,0,OK,29333.3311051433,1,2026-07-13,2026-08-20 16:40:34.813
POP_GROWTH,SP.POP.GROW,Population growth,Reach & Growth,HIGH,CHN,China,2025,0,OK,-0.169770885652674,1,2026-07-13,2026-08-20 16:40:34.978
POP_TOTAL,SP.POP.TOTL,Total population,Reach & Growth,HIGH,CHN,China,2025,0,OK,1406585000.0,0,2026-07-13,2026-08-20 16:40:35.021
RURAL_POP,SP.RUR.TOTL.ZS,Rural population,Reach & Growth,HIGH,CHN,China,2025,0,OK,33.6570089651728,0,2026-07-13,2026-08-20 16:40:34.940
U5_MORTALITY,SH.DYN.MORT,"Mortality rate, under-5",Human Development,HIGH,CHN,China,2024,1,OK,5.7,0,2026-07-13,2026-08-20 16:40:34.771
EDUCATION,SE.PRM.CMPT.ZS,"Primary completion rate, total",Human Development,LOW,COL,Colombia,2022,3,OK,97.1171035766602,0,2026-07-13,2026-08-20 16:40:35.066
ELECTRICITY,EG.ELC.ACCS.ZS,Access to electricity,Infrastructure & Affordability,LOW,COL,Colombia,2024,1,OK,98.9,1,2026-07-13,2026-08-20 16:40:34.894
FRESHWATER_PC,ER.H2O.INTR.PC,Renewable internal freshwater resources per capita,Water Need,LOW,COL,Colombia,2022,3,OK,41458.9338919227,0,2026-07-13,2026-08-20 16:40:34.738
GDP_PC_PPP,NY.GDP.PCAP.PP.CD,"GDP per capita, PPP",Infrastructure & Affordability,LOW,COL,Colombia,2025,0,OK,22640.4224606513,1,2026-07-13,2026-08-20 16:40:34.813
POP_GROWTH,SP.POP.GROW,Population growth,Reach & Growth,HIGH,COL,Colombia,2025,0,OK,1.01451696044498,1,2026-07-13,2026-08-20 16:40:34.978
POP_TOTAL,SP.POP.TOTL,Total population,Reach & Growth,HIGH,COL,Colombia,2025,0,OK,53425635.0,0,2026-07-13,2026-08-20 16:40:35.021
RURAL_POP,SP.RUR.TOTL.ZS,Rural population,Reach & Growth,HIGH,COL,Colombia,2025,0,OK,21.2172085248849,0,2026-07-13,2026-08-20 16:40:34.940
U5_MORTALITY,SH.DYN.MORT,"Mortality rate, under-5",Human Development,HIGH,COL,Colombia,2024,1,OK,11.5,0,2026-07-13,2026-08-20 16:40:34.771
WATER_ACCESS,SH.H2O.SMDW.ZS,People using safely managed drinking water services,Water Need,LOW,COL,Colombia,2024,1,OK,74.33929919179,0,2026-07-13,2026-08-20 16:40:34.666
EDUCATION,SE.PRM.CMPT.ZS,"Primary completion rate, total",Human Development,LOW,COM,Comoros,2024,1,OK,72.7188218601693,0,2026-07-13,2026-08-20 16:40:35.066
ELECTRICITY,EG.ELC.ACCS.ZS,Access to electricity,Infrastructure & Affordability,LOW,COM,Comoros,2024,1,OK,91.7,1,2026-07-13,2026-08-20 16:40:34.894
FRESHWATER_PC,ER.H2O.INTR.PC,Renewable internal freshwater resources per capita,Water Need,LOW,COM,Comoros,2022,3,OK,1438.52464911986,0,2026-07-13,2026-08-20 16:40:34.738
GDP_PC_PPP,NY.GDP.PCAP.PP.CD,"GDP per capita, PPP",Infrastructure & Affordability,LOW,COM,Comoros,2025,0,OK,4238.26133409182,1,2026-07-13,2026-08-20 16:40:34.813
POP_GROWTH,SP.POP.GROW,Population growth,Reach & Growth,HIGH,COM,Comoros,2025,0,OK,1.85420936957363,1,2026-07-13,2026-08-20 16:40:34.978
POP_TOTAL,SP.POP.TOTL,Total population,Reach & Growth,HIGH,COM,Comoros,2025,0,OK,882847.0,0,2026-07-13,2026-08-20 16:40:35.021
RURAL_POP,SP.RUR.TOTL.ZS,Rural population,Reach & Growth,HIGH,COM,Comoros,2025,0,OK,66.058452518639,0,2026-07-13,2026-08-20 16:40:34.940
U5_MORTALITY,SH.DYN.MORT,"Mortality rate, under-5",Human Development,HIGH,COM,Comoros,2024,1,OK,39.0,0,2026-07-13,2026-08-20 16:40:34.771
EDUCATION,SE.PRM.CMPT.ZS,"Primary completion rate, total",Human Development,LOW,COD,"Congo, Dem. Rep.",2023,2,OK,75.7079315185547,0,2026-07-13,2026-08-20 16:40:35.066
ELECTRICITY,EG.ELC.ACCS.ZS,Access to electricity,Infrastructure & Affordability,LOW,COD,"Congo, Dem. Rep.",2024,1,OK,22.5,1,2026-07-13,2026-08-20 16:40:34.894
FRESHWATER_PC,ER.H2O.INTR.PC,Renewable internal freshwater resources per capita,Water Need,LOW,COD,"Congo, Dem. Rep.",2022,3,OK,8789.32274635319,0,2026-07-13,2026-08-20 16:40:34.738
GDP_PC_PPP,NY.GDP.PCAP.PP.CD,"GDP per capita, PPP",Infrastructure & Affordability,LOW,COD,"Congo, Dem. Rep.",2025,0,OK,1919.82250200565,1,2026-07-13,2026-08-20 16:40:34.813
POP_GROWTH,SP.POP.GROW,Population growth,Reach & Growth,HIGH,COD,"Congo, Dem. Rep.",2025,0,OK,3.20249618590858,1,2026-07-13,2026-08-20 16:40:34.978
POP_TOTAL,SP.POP.TOTL,Total population,Reach & Growth,HIGH,COD,"Congo, Dem. Rep.",2025,0,OK,112832473.0,0,2026-07-13,2026-08-20 16:40:35.021
RURAL_POP,SP.RUR.TOTL.ZS,Rural population,Reach & Growth,HIGH,COD,"Congo, Dem. Rep.",2025,0,OK,54.8864366957849,0,2026-07-13,2026-08-20 16:40:34.940
U5_MORTALITY,SH.DYN.MORT,"Mortality rate, under-5",Human Development,HIGH,COD,"Congo, Dem. Rep.",2024,1,OK,89.7,0,2026-07-13,2026-08-20 16:40:34.771
WATER_ACCESS,SH.H2O.SMDW.ZS,People using safely managed drinking water services,Water Need,LOW,COD,"Congo, Dem. Rep.",2024,1,OK,11.8726481819387,0,2026-07-13,2026-08-20 16:40:34.666
EDUCATION,SE.PRM.CMPT.ZS,"Primary completion rate, total",Human Development,LOW,COG,"Congo, Rep.",2023,2,OK,71.1370697021484,0,2026-07-13,2026-08-20 16:40:35.066
ELECTRICITY,EG.ELC.ACCS.ZS,Access to electricity,Infrastructure & Affordability,LOW,COG,"Congo, Rep.",2024,1,OK,53.0,1,2026-07-13,2026-08-20 16:40:34.894
FRESHWATER_PC,ER.H2O.INTR.PC,Renewable internal freshwater resources per capita,Water Need,LOW,COG,"Congo, Rep.",2022,3,OK,36784.7844875581,0,2026-07-13,2026-08-20 16:40:34.738
GDP_PC_PPP,NY.GDP.PCAP.PP.CD,"GDP per capita, PPP",Infrastructure & Affordability,LOW,COG,"Congo, Rep.",2025,0,OK,7248.44439070757,1,2026-07-13,2026-08-20 16:40:34.813
POP_GROWTH,SP.POP.GROW,Population growth,Reach & Growth,HIGH,COG,"Congo, Rep.",2025,0,OK,2.36370989746216,1,2026-07-13,2026-08-20 16:40:34.978
POP_TOTAL,SP.POP.TOTL,Total population,Reach & Growth,HIGH,COG,"Congo, Rep.",2025,0,OK,6484437.0,0,2026-07-13,2026-08-20 16:40:35.021
RURAL_POP,SP.RUR.TOTL.ZS,Rural population,Reach & Growth,HIGH,COG,"Congo, Rep.",2025,0,OK,35.8763465182588,0,2026-07-13,2026-08-20 16:40:34.940
U5_MORTALITY,SH.DYN.MORT,"Mortality rate, under-5",Human Development,HIGH,COG,"Congo, Rep.",2024,1,OK,39.1,0,2026-07-13,2026-08-20 16:40:34.771
WATER_ACCESS,SH.H2O.SMDW.ZS,People using safely managed drinking water services,Water Need,LOW,COG,"Congo, Rep.",2021,4,OK,45.8748419970802,0,2026-07-13,2026-08-20 16:40:34.666
EDUCATION,SE.PRM.CMPT.ZS,"Primary completion rate, total",Human Development,LOW,CRI,Costa Rica,2024,1,OK,106.390037536621,0,2026-07-13,2026-08-20 16:40:35.066
ELECTRICITY,EG.ELC.ACCS.ZS,Access to electricity,Infrastructure & Affordability,LOW,CRI,Costa Rica,2024,1,OK,99.8,1,2026-07-13,2026-08-20 16:40:34.894
FRESHWATER_PC,ER.H2O.INTR.PC,Renewable internal freshwater resources per capita,Water Need,LOW,CRI,Costa Rica,2022,3,OK,22236.3686632499,0,2026-07-13,2026-08-20 16:40:34.738
GDP_PC_PPP,NY.GDP.PCAP.PP.CD,"GDP per capita, PPP",Infrastructure & Affordability,LOW,CRI,Costa Rica,2025,0,OK,33814.7696296148,1,2026-07-13,2026-08-20 16:40:34.813
POP_GROWTH,SP.POP.GROW,Population growth,Reach & Growth,HIGH,CRI,Costa Rica,2025,0,OK,0.448125104429705,1,2026-07-13,2026-08-20 16:40:34.978
POP_TOTAL,SP.POP.TOTL,Total population,Reach & Growth,HIGH,CRI,Costa Rica,2025,0,OK,5152950.0,0,2026-07-13,2026-08-20 16:40:35.021
RURAL_POP,SP.RUR.TOTL.ZS,Rural population,Reach & Growth,HIGH,CRI,Costa Rica,2025,0,OK,20.2731862006996,0,2026-07-13,2026-08-20 16:40:34.940
U5_MORTALITY,SH.DYN.MORT,"Mortality rate, under-5",Human Development,HIGH,CRI,Costa Rica,2024,1,OK,10.4,0,2026-07-13,2026-08-20 16:40:34.771
WATER_ACCESS,SH.H2O.SMDW.ZS,People using safely managed drinking water services,Water Need,LOW,CRI,Costa Rica,2024,1,OK,80.5000742430698,0,2026-07-13,2026-08-20 16:40:34.666
EDUCATION,SE.PRM.CMPT.ZS,"Primary completion rate, total",Human Development,LOW,CIV,Cote d'Ivoire,2024,1,OK,80.237080416679,0,2026-07-13,2026-08-20 16:40:35.066
ELECTRICITY,EG.ELC.ACCS.ZS,Access to electricity,Infrastructure & Affordability,LOW,CIV,Cote d'Ivoire,2024,1,OK,72.9,1,2026-07-13,2026-08-20 16:40:34.894
FRESHWATER_PC,ER.H2O.INTR.PC,Renewable internal freshwater resources per capita,Water Need,LOW,CIV,Cote d'Ivoire,2022,3,OK,2528.04720986694,0,2026-07-13,2026-08-20 16:40:34.738
GDP_PC_PPP,NY.GDP.PCAP.PP.CD,"GDP per capita, PPP",Infrastructure & Affordability,LOW,CIV,Cote d'Ivoire,2025,0,OK,8208.90898574972,1,2026-07-13,2026-08-20 16:40:34.813
POP_GROWTH,SP.POP.GROW,Population growth,Reach & Growth,HIGH,CIV,Cote d'Ivoire,2025,0,OK,2.40496595908985,1,2026-07-13,2026-08-20 16:40:34.978
POP_TOTAL,SP.POP.TOTL,Total population,Reach & Growth,HIGH,CIV,Cote d'Ivoire,2025,0,OK,32711547.0,0,2026-07-13,2026-08-20 16:40:35.021
RURAL_POP,SP.RUR.TOTL.ZS,Rural population,Reach & Growth,HIGH,CIV,Cote d'Ivoire,2025,0,OK,45.4510498549239,0,2026-07-13,2026-08-20 16:40:34.940
U5_MORTALITY,SH.DYN.MORT,"Mortality rate, under-5",Human Development,HIGH,CIV,Cote d'Ivoire,2024,1,OK,64.5,0,2026-07-13,2026-08-20 16:40:34.771
WATER_ACCESS,SH.H2O.SMDW.ZS,People using safely managed drinking water services,Water Need,LOW,CIV,Cote d'Ivoire,2024,1,OK,36.4489381559953,0,2026-07-13,2026-08-20 16:40:34.666
EDUCATION,SE.PRM.CMPT.ZS,"Primary completion rate, total",Human Development,LOW,HRV,Croatia,2023,2,OK,100.516410827637,0,2026-07-13,2026-08-20 16:40:35.066
ELECTRICITY,EG.ELC.ACCS.ZS,Access to electricity,Infrastructure & Affordability,LOW,HRV,Croatia,2024,1,OK,100.0,1,2026-07-13,2026-08-20 16:40:34.894
FRESHWATER_PC,ER.H2O.INTR.PC,Renewable internal freshwater resources per capita,Water Need,LOW,HRV,Croatia,2022,3,OK,9777.88129133392,0,2026-07-13,2026-08-20 16:40:34.738
GDP_PC_PPP,NY.GDP.PCAP.PP.CD,"GDP per capita, PPP",Infrastructure & Affordability,LOW,HRV,Croatia,2025,0,OK,50946.1671131832,1,2026-07-13,2026-08-20 16:40:34.813
POP_GROWTH,SP.POP.GROW,Population growth,Reach & Growth,HIGH,HRV,Croatia,2025,0,OK,0.258317977905583,1,2026-07-13,2026-08-20 16:40:34.978
POP_TOTAL,SP.POP.TOTL,Total population,Reach & Growth,HIGH,HRV,Croatia,2025,0,OK,3876200.0,0,2026-07-13,2026-08-20 16:40:35.021
RURAL_POP,SP.RUR.TOTL.ZS,Rural population,Reach & Growth,HIGH,HRV,Croatia,2025,0,OK,42.1855456395857,0,2026-07-13,2026-08-20 16:40:34.940
U5_MORTALITY,SH.DYN.MORT,"Mortality rate, under-5",Human Development,HIGH,HRV,Croatia,2024,1,OK,5.6,0,2026-07-13,2026-08-20 16:40:34.771
WATER_ACCESS,SH.H2O.SMDW.ZS,People using safely managed drinking water services,Water Need,LOW,HRV,Croatia,2024,1,OK,87.2682692486734,0,2026-07-13,2026-08-20 16:40:34.666
EDUCATION,SE.PRM.CMPT.ZS,"Primary completion rate, total",Human Development,LOW,CUB,Cuba,2024,1,OK,91.1470947987461,0,2026-07-13,2026-08-20 16:40:35.066
ELECTRICITY,EG.ELC.ACCS.ZS,Access to electricity,Infrastructure & Affordability,LOW,CUB,Cuba,2024,1,OK,100.0,1,2026-07-13,2026-08-20 16:40:34.894
FRESHWATER_PC,ER.H2O.INTR.PC,Renewable internal freshwater resources per capita,Water Need,LOW,CUB,Cuba,2022,3,OK,3446.71070596086,0,2026-07-13,2026-08-20 16:40:34.738
POP_GROWTH,SP.POP.GROW,Population growth,Reach & Growth,HIGH,CUB,Cuba,2025,0,OK,-0.388557565092683,1,2026-07-13,2026-08-20 16:40:34.978
POP_TOTAL,SP.POP.TOTL,Total population,Reach & Growth,HIGH,CUB,Cuba,2025,0,OK,10937203.0,0,2026-07-13,2026-08-20 16:40:35.021
RURAL_POP,SP.RUR.TOTL.ZS,Rural population,Reach & Growth,HIGH,CUB,Cuba,2025,0,OK,22.7729225178848,0,2026-07-13,2026-08-20 16:40:34.940
U5_MORTALITY,SH.DYN.MORT,"Mortality rate, under-5",Human Development,HIGH,CUB,Cuba,2024,1,OK,8.6,0,2026-07-13,2026-08-20 16:40:34.771
ELECTRICITY,EG.ELC.ACCS.ZS,Access to electricity,Infrastructure & Affordability,LOW,CUW,Curacao,2024,1,OK,100.0,1,2026-07-13,2026-08-20 16:40:34.894
GDP_PC_PPP,NY.GDP.PCAP.PP.CD,"GDP per capita, PPP",Infrastructure & Affordability,LOW,CUW,Curacao,2024,1,OK,32740.7736763943,1,2026-07-13,2026-08-20 16:40:34.813
POP_GROWTH,SP.POP.GROW,Population growth,Reach & Growth,HIGH,CUW,Curacao,2025,0,OK,0.189603874500038,1,2026-07-13,2026-08-20 16:40:34.978
POP_TOTAL,SP.POP.TOTL,Total population,Reach & Growth,HIGH,CUW,Curacao,2025,0,OK,156263.0,0,2026-07-13,2026-08-20 16:40:35.021
RURAL_POP,SP.RUR.TOTL.ZS,Rural population,Reach & Growth,HIGH,CUW,Curacao,2025,0,OK,8.5272285013875,0,2026-07-13,2026-08-20 16:40:34.940
EDUCATION,SE.PRM.CMPT.ZS,"Primary completion rate, total",Human Development,LOW,CYP,Cyprus,2024,1,OK,102.235412597656,0,2026-07-13,2026-08-20 16:40:35.066
ELECTRICITY,EG.ELC.ACCS.ZS,Access to electricity,Infrastructure & Affordability,LOW,CYP,Cyprus,2024,1,OK,100.0,1,2026-07-13,2026-08-20 16:40:34.894
FRESHWATER_PC,ER.H2O.INTR.PC,Renewable internal freshwater resources per capita,Water Need,LOW,CYP,Cyprus,2022,3,OK,585.862682800424,0,2026-07-13,2026-08-20 16:40:34.738
GDP_PC_PPP,NY.GDP.PCAP.PP.CD,"GDP per capita, PPP",Infrastructure & Affordability,LOW,CYP,Cyprus,2025,0,OK,64574.62109375,1,2026-07-13,2026-08-20 16:40:34.813
POP_GROWTH,SP.POP.GROW,Population growth,Reach & Growth,HIGH,CYP,Cyprus,2025,0,OK,0.914028750872649,1,2026-07-13,2026-08-20 16:40:34.978
POP_TOTAL,SP.POP.TOTL,Total population,Reach & Growth,HIGH,CYP,Cyprus,2025,0,OK,1370754.0,0,2026-07-13,2026-08-20 16:40:35.021
RURAL_POP,SP.RUR.TOTL.ZS,Rural population,Reach & Growth,HIGH,CYP,Cyprus,2025,0,OK,33.3049729296225,0,2026-07-13,2026-08-20 16:40:34.940
U5_MORTALITY,SH.DYN.MORT,"Mortality rate, under-5",Human Development,HIGH,CYP,Cyprus,2024,1,OK,5.0,0,2026-07-13,2026-08-20 16:40:34.771
WATER_ACCESS,SH.H2O.SMDW.ZS,People using safely managed drinking water services,Water Need,LOW,CYP,Cyprus,2024,1,OK,99.7211088299984,0,2026-07-13,2026-08-20 16:40:34.666
EDUCATION,SE.PRM.CMPT.ZS,"Primary completion rate, total",Human Development,LOW,CZE,Czechia,2023,2,OK,98.7293701171875,0,2026-07-13,2026-08-20 16:40:35.066
ELECTRICITY,EG.ELC.ACCS.ZS,Access to electricity,Infrastructure & Affordability,LOW,CZE,Czechia,2024,1,OK,100.0,1,2026-07-13,2026-08-20 16:40:34.894
FRESHWATER_PC,ER.H2O.INTR.PC,Renewable internal freshwater resources per capita,Water Need,LOW,CZE,Czechia,2022,3,OK,1232.18277758923,0,2026-07-13,2026-08-20 16:40:34.738
GDP_PC_PPP,NY.GDP.PCAP.PP.CD,"GDP per capita, PPP",Infrastructure & Affordability,LOW,CZE,Czechia,2025,0,OK,60487.2877495391,1,2026-07-13,2026-08-20 16:40:34.813
POP_GROWTH,SP.POP.GROW,Population growth,Reach & Growth,HIGH,CZE,Czechia,2025,0,OK,-0.16657564691038,1,2026-07-13,2026-08-20 16:40:34.978
POP_TOTAL,SP.POP.TOTL,Total population,Reach & Growth,HIGH,CZE,Czechia,2025,0,OK,10886878.0,0,2026-07-13,2026-08-20 16:40:35.021
RURAL_POP,SP.RUR.TOTL.ZS,Rural population,Reach & Growth,HIGH,CZE,Czechia,2025,0,OK,27.1245632883888,0,2026-07-13,2026-08-20 16:40:34.940
U5_MORTALITY,SH.DYN.MORT,"Mortality rate, under-5",Human Development,HIGH,CZE,Czechia,2024,1,OK,2.6,0,2026-07-13,2026-08-20 16:40:34.771
WATER_ACCESS,SH.H2O.SMDW.ZS,People using safely managed drinking water services,Water Need,LOW,CZE,Czechia,2024,1,OK,98.1448728385564,0,2026-07-13,2026-08-20 16:40:34.666
EDUCATION,SE.PRM.CMPT.ZS,"Primary completion rate, total",Human Development,LOW,DNK,Denmark,2024,1,OK,99.7092971801758,0,2026-07-13,2026-08-20 16:40:35.066
ELECTRICITY,EG.ELC.ACCS.ZS,Access to electricity,Infrastructure & Affordability,LOW,DNK,Denmark,2024,1,OK,100.0,1,2026-07-13,2026-08-20 16:40:34.894
FRESHWATER_PC,ER.H2O.INTR.PC,Renewable internal freshwater resources per capita,Water Need,LOW,DNK,Denmark,2022,3,OK,1016.42595159068,0,2026-07-13,2026-08-20 16:40:34.738
GDP_PC_PPP,NY.GDP.PCAP.PP.CD,"GDP per capita, PPP",Infrastructure & Affordability,LOW,DNK,Denmark,2025,0,OK,83218.071525634,1,2026-07-13,2026-08-20 16:40:34.813
POP_GROWTH,SP.POP.GROW,Population growth,Reach & Growth,HIGH,DNK,Denmark,2025,0,OK,0.536903805914283,1,2026-07-13,2026-08-20 16:40:34.978
POP_TOTAL,SP.POP.TOTL,Total population,Reach & Growth,HIGH,DNK,Denmark,2025,0,OK,6009169.0,0,2026-07-13,2026-08-20 16:40:35.021
RURAL_POP,SP.RUR.TOTL.ZS,Rural population,Reach & Growth,HIGH,DNK,Denmark,2025,0,OK,11.1541564107311,0,2026-07-13,2026-08-20 16:40:34.940
U5_MORTALITY,SH.DYN.MORT,"Mortality rate, under-5",Human Development,HIGH,DNK,Denmark,2024,1,OK,4.0,0,2026-07-13,2026-08-20 16:40:34.771
WATER_ACCESS,SH.H2O.SMDW.ZS,People using safely managed drinking water services,Water Need,LOW,DNK,Denmark,2024,1,OK,99.9188271389611,0,2026-07-13,2026-08-20 16:40:34.666
ELECTRICITY,EG.ELC.ACCS.ZS,Access to electricity,Infrastructure & Affordability,LOW,DJI,Djibouti,2024,1,OK,69.2,1,2026-07-13,2026-08-20 16:40:34.894
FRESHWATER_PC,ER.H2O.INTR.PC,Renewable internal freshwater resources per capita,Water Need,LOW,DJI,Djibouti,2022,3,OK,263.829966862956,0,2026-07-13,2026-08-20 16:40:34.738
GDP_PC_PPP,NY.GDP.PCAP.PP.CD,"GDP per capita, PPP",Infrastructure & Affordability,LOW,DJI,Djibouti,2025,0,OK,8451.96838146073,1,2026-07-13,2026-08-20 16:40:34.813
POP_GROWTH,SP.POP.GROW,Population growth,Reach & Growth,HIGH,DJI,Djibouti,2025,0,OK,1.30518794764358,1,2026-07-13,2026-08-20 16:40:34.978
POP_TOTAL,SP.POP.TOTL,Total population,Reach & Growth,HIGH,DJI,Djibouti,2025,0,OK,1184076.0,0,2026-07-13,2026-08-20 16:40:35.021
RURAL_POP,SP.RUR.TOTL.ZS,Rural population,Reach & Growth,HIGH,DJI,Djibouti,2025,0,OK,27.0241339313525,0,2026-07-13,2026-08-20 16:40:34.940
U5_MORTALITY,SH.DYN.MORT,"Mortality rate, under-5",Human Development,HIGH,DJI,Djibouti,2024,1,OK,48.9,0,2026-07-13,2026-08-20 16:40:34.771
EDUCATION,SE.PRM.CMPT.ZS,"Primary completion rate, total",Human Development,LOW,DMA,Dominica,2025,0,OK,91.0501193317422,0,2026-07-13,2026-08-20 16:40:35.066
ELECTRICITY,EG.ELC.ACCS.ZS,Access to electricity,Infrastructure & Affordability,LOW,DMA,Dominica,2024,1,OK,100.0,1,2026-07-13,2026-08-20 16:40:34.894
FRESHWATER_PC,ER.H2O.INTR.PC,Renewable internal freshwater resources per capita,Water Need,LOW,DMA,Dominica,2022,3,OK,2992.84709544189,0,2026-07-13,2026-08-20 16:40:34.738
GDP_PC_PPP,NY.GDP.PCAP.PP.CD,"GDP per capita, PPP",Infrastructure & Affordability,LOW,DMA,Dominica,2025,0,OK,22713.1288027433,1,2026-07-13,2026-08-20 16:40:34.813
POP_GROWTH,SP.POP.GROW,Population growth,Reach & Growth,HIGH,DMA,Dominica,2025,0,OK,-0.505770483641074,1,2026-07-13,2026-08-20 16:40:34.978
POP_TOTAL,SP.POP.TOTL,Total population,Reach & Growth,HIGH,DMA,Dominica,2025,0,OK,65871.0,0,2026-07-13,2026-08-20 16:40:35.021
RURAL_POP,SP.RUR.TOTL.ZS,Rural population,Reach & Growth,HIGH,DMA,Dominica,2025,0,OK,26.0138383321058,0,2026-07-13,2026-08-20 16:40:34.940
U5_MORTALITY,SH.DYN.MORT,"Mortality rate, under-5",Human Development,HIGH,DMA,Dominica,2024,1,OK,35.7,0,2026-07-13,2026-08-20 16:40:34.771
EDUCATION,SE.PRM.CMPT.ZS,"Primary completion rate, total",Human Development,LOW,DOM,Dominican Republic,2024,1,OK,89.9788377526112,0,2026-07-13,2026-08-20 16:40:35.066
ELECTRICITY,EG.ELC.ACCS.ZS,Access to electricity,Infrastructure & Affordability,LOW,DOM,Dominican Republic,2024,1,OK,99.5,1,2026-07-13,2026-08-20 16:40:34.894
FRESHWATER_PC,ER.H2O.INTR.PC,Renewable internal freshwater resources per capita,Water Need,LOW,DOM,Dominican Republic,2022,3,OK,2092.47231748165,0,2026-07-13,2026-08-20 16:40:34.738
GDP_PC_PPP,NY.GDP.PCAP.PP.CD,"GDP per capita, PPP",Infrastructure & Affordability,LOW,DOM,Dominican Republic,2025,0,OK,28721.0964580217,1,2026-07-13,2026-08-20 16:40:34.813
POP_GROWTH,SP.POP.GROW,Population growth,Reach & Growth,HIGH,DOM,Dominican Republic,2025,0,OK,0.809920950082305,1,2026-07-13,2026-08-20 16:40:34.978
POP_TOTAL,SP.POP.TOTL,Total population,Reach & Growth,HIGH,DOM,Dominican Republic,2025,0,OK,11520487.0,0,2026-07-13,2026-08-20 16:40:35.021
RURAL_POP,SP.RUR.TOTL.ZS,Rural population,Reach & Growth,HIGH,DOM,Dominican Republic,2025,0,OK,27.482305937409,0,2026-07-13,2026-08-20 16:40:34.940
U5_MORTALITY,SH.DYN.MORT,"Mortality rate, under-5",Human Development,HIGH,DOM,Dominican Republic,2024,1,OK,30.6,0,2026-07-13,2026-08-20 16:40:34.771
WATER_ACCESS,SH.H2O.SMDW.ZS,People using safely managed drinking water services,Water Need,LOW,DOM,Dominican Republic,2024,1,OK,45.3324070681699,0,2026-07-13,2026-08-20 16:40:34.666
EDUCATION,SE.PRM.CMPT.ZS,"Primary completion rate, total",Human Development,LOW,ECU,Ecuador,2023,2,OK,100.199679503356,0,2026-07-13,2026-08-20 16:40:35.066
ELECTRICITY,EG.ELC.ACCS.ZS,Access to electricity,Infrastructure & Affordability,LOW,ECU,Ecuador,2024,1,OK,98.5,1,2026-07-13,2026-08-20 16:40:34.894
FRESHWATER_PC,ER.H2O.INTR.PC,Renewable internal freshwater resources per capita,Water Need,LOW,ECU,Ecuador,2022,3,OK,24820.6102178441,0,2026-07-13,2026-08-20 16:40:34.738
GDP_PC_PPP,NY.GDP.PCAP.PP.CD,"GDP per capita, PPP",Infrastructure & Affordability,LOW,ECU,Ecuador,2025,0,OK,16756.6539631307,1,2026-07-13,2026-08-20 16:40:34.813
POP_GROWTH,SP.POP.GROW,Population growth,Reach & Growth,HIGH,ECU,Ecuador,2025,0,OK,0.847864596028112,1,2026-07-13,2026-08-20 16:40:34.978
POP_TOTAL,SP.POP.TOTL,Total population,Reach & Growth,HIGH,ECU,Ecuador,2025,0,OK,18289896.0,0,2026-07-13,2026-08-20 16:40:35.021
RURAL_POP,SP.RUR.TOTL.ZS,Rural population,Reach & Growth,HIGH,ECU,Ecuador,2025,0,OK,36.6081810941738,0,2026-07-13,2026-08-20 16:40:34.940
U5_MORTALITY,SH.DYN.MORT,"Mortality rate, under-5",Human Development,HIGH,ECU,Ecuador,2024,1,OK,12.9,0,2026-07-13,2026-08-20 16:40:34.771
WATER_ACCESS,SH.H2O.SMDW.ZS,People using safely managed drinking water services,Water Need,LOW,ECU,Ecuador,2024,1,OK,69.8869997038501,0,2026-07-13,2026-08-20 16:40:34.666
EDUCATION,SE.PRM.CMPT.ZS,"Primary completion rate, total",Human Development,LOW,EGY,"Egypt, Arab Rep.",2024,1,OK,98.2100688782627,0,2026-07-13,2026-08-20 16:40:35.066
ELECTRICITY,EG.ELC.ACCS.ZS,Access to electricity,Infrastructure & Affordability,LOW,EGY,"Egypt, Arab Rep.",2024,1,OK,100.0,1,2026-07-13,2026-08-20 16:40:34.894
FRESHWATER_PC,ER.H2O.INTR.PC,Renewable internal freshwater resources per capita,Water Need,LOW,EGY,"Egypt, Arab Rep.",2022,3,OK,8.8795554894522,0,2026-07-13,2026-08-20 16:40:34.738
GDP_PC_PPP,NY.GDP.PCAP.PP.CD,"GDP per capita, PPP",Infrastructure & Affordability,LOW,EGY,"Egypt, Arab Rep.",2025,0,OK,20204.0130500153,1,2026-07-13,2026-08-20 16:40:34.813
POP_GROWTH,SP.POP.GROW,Population growth,Reach & Growth,HIGH,EGY,"Egypt, Arab Rep.",2025,0,OK,1.55618628611795,1,2026-07-13,2026-08-20 16:40:34.978
POP_TOTAL,SP.POP.TOTL,Total population,Reach & Growth,HIGH,EGY,"Egypt, Arab Rep.",2025,0,OK,118365995.0,0,2026-07-13,2026-08-20 16:40:35.021
RURAL_POP,SP.RUR.TOTL.ZS,Rural population,Reach & Growth,HIGH,EGY,"Egypt, Arab Rep.",2025,0,OK,57.0956795074752,0,2026-07-13,2026-08-20 16:40:34.940
U5_MORTALITY,SH.DYN.MORT,"Mortality rate, under-5",Human Development,HIGH,EGY,"Egypt, Arab Rep.",2024,1,OK,22.4,0,2026-07-13,2026-08-20 16:40:34.771
WATER_ACCESS,SH.H2O.SMDW.ZS,People using safely managed drinking water services,Water Need,LOW,EGY,"Egypt, Arab Rep.",2024,1,OK,78.9401588327765,0,2026-07-13,2026-08-20 16:40:34.666
EDUCATION,SE.PRM.CMPT.ZS,"Primary completion rate, total",Human Development,LOW,SLV,El Salvador,2024,1,OK,82.6281692393825,0,2026-07-13,2026-08-20 16:40:35.066
ELECTRICITY,EG.ELC.ACCS.ZS,Access to electricity,Infrastructure & Affordability,LOW,SLV,El Salvador,2024,1,OK,98.7,1,2026-07-13,2026-08-20 16:40:34.894
FRESHWATER_PC,ER.H2O.INTR.PC,Renewable internal freshwater resources per capita,Water Need,LOW,SLV,El Salvador,2022,3,OK,2488.72708535984,0,2026-07-13,2026-08-20 16:40:34.738
GDP_PC_PPP,NY.GDP.PCAP.PP.CD,"GDP per capita, PPP",Infrastructure & Affordability,LOW,SLV,El Salvador,2025,0,OK,14101.1774819291,1,2026-07-13,2026-08-20 16:40:34.813
POP_GROWTH,SP.POP.GROW,Population growth,Reach & Growth,HIGH,SLV,El Salvador,2025,0,OK,0.429954275845337,1,2026-07-13,2026-08-20 16:40:34.978
POP_TOTAL,SP.POP.TOTL,Total population,Reach & Growth,HIGH,SLV,El Salvador,2025,0,OK,6365503.0,0,2026-07-13,2026-08-20 16:40:35.021
RURAL_POP,SP.RUR.TOTL.ZS,Rural population,Reach & Growth,HIGH,SLV,El Salvador,2025,0,OK,24.4762876790049,0,2026-07-13,2026-08-20 16:40:34.940
U5_MORTALITY,SH.DYN.MORT,"Mortality rate, under-5",Human Development,HIGH,SLV,El Salvador,2024,1,OK,10.0,0,2026-07-13,2026-08-20 16:40:34.771
ELECTRICITY,EG.ELC.ACCS.ZS,Access to electricity,Infrastructure & Affordability,LOW,GNQ,Equatorial Guinea,2024,1,OK,65.1,1,2026-07-13,2026-08-20 16:40:34.894
FRESHWATER_PC,ER.H2O.INTR.PC,Renewable internal freshwater resources per capita,Water Need,LOW,GNQ,Equatorial Guinea,2022,3,OK,14416.052829289,0,2026-07-13,2026-08-20 16:40:34.738
GDP_PC_PPP,NY.GDP.PCAP.PP.CD,"GDP per capita, PPP",Infrastructure & Affordability,LOW,GNQ,Equatorial Guinea,2025,0,OK,16133.1056143137,1,2026-07-13,2026-08-20 16:40:34.813
POP_GROWTH,SP.POP.GROW,Population growth,Reach & Growth,HIGH,GNQ,Equatorial Guinea,2025,0,OK,2.39717222444002,1,2026-07-13,2026-08-20 16:40:34.978
POP_TOTAL,SP.POP.TOTL,Total population,Reach & Growth,HIGH,GNQ,Equatorial Guinea,2025,0,OK,1938431.0,0,2026-07-13,2026-08-20 16:40:35.021
RURAL_POP,SP.RUR.TOTL.ZS,Rural population,Reach & Growth,HIGH,GNQ,Equatorial Guinea,2025,0,OK,28.4238971541303,0,2026-07-13,2026-08-20 16:40:34.940
U5_MORTALITY,SH.DYN.MORT,"Mortality rate, under-5",Human Development,HIGH,GNQ,Equatorial Guinea,2024,1,OK,68.0,0,2026-07-13,2026-08-20 16:40:34.771
EDUCATION,SE.PRM.CMPT.ZS,"Primary completion rate, total",Human Development,LOW,ERI,Eritrea,2022,3,OK,61.2794189453125,0,2026-07-13,2026-08-20 16:40:35.066
ELECTRICITY,EG.ELC.ACCS.ZS,Access to electricity,Infrastructure & Affordability,LOW,ERI,Eritrea,2024,1,OK,55.3,1,2026-07-13,2026-08-20 16:40:34.894
FRESHWATER_PC,ER.H2O.INTR.PC,Renewable internal freshwater resources per capita,Water Need,LOW,ERI,Eritrea,2022,3,OK,821.247551289109,0,2026-07-13,2026-08-20 16:40:34.738
POP_GROWTH,SP.POP.GROW,Population growth,Reach & Growth,HIGH,ERI,Eritrea,2025,0,OK,1.99933689205926,1,2026-07-13,2026-08-20 16:40:34.978
POP_TOTAL,SP.POP.TOTL,Total population,Reach & Growth,HIGH,ERI,Eritrea,2025,0,OK,3607003.0,0,2026-07-13,2026-08-20 16:40:35.021
RURAL_POP,SP.RUR.TOTL.ZS,Rural population,Reach & Growth,HIGH,ERI,Eritrea,2025,0,OK,65.4595495744784,0,2026-07-13,2026-08-20 16:40:34.940
U5_MORTALITY,SH.DYN.MORT,"Mortality rate, under-5",Human Development,HIGH,ERI,Eritrea,2024,1,OK,34.3,0,2026-07-13,2026-08-20 16:40:34.771
EDUCATION,SE.PRM.CMPT.ZS,"Primary completion rate, total",Human Development,LOW,EST,Estonia,2024,1,OK,99.9100723266602,0,2026-07-13,2026-08-20 16:40:35.066
ELECTRICITY,EG.ELC.ACCS.ZS,Access to electricity,Infrastructure & Affordability,LOW,EST,Estonia,2024,1,OK,100.0,1,2026-07-13,2026-08-20 16:40:34.894
FRESHWATER_PC,ER.H2O.INTR.PC,Renewable internal freshwater resources per capita,Water Need,LOW,EST,Estonia,2022,3,OK,9422.91153880371,0,2026-07-13,2026-08-20 16:40:34.738
GDP_PC_PPP,NY.GDP.PCAP.PP.CD,"GDP per capita, PPP",Infrastructure & Affordability,LOW,EST,Estonia,2025,0,OK,52105.5093433416,1,2026-07-13,2026-08-20 16:40:34.813
POP_GROWTH,SP.POP.GROW,Population growth,Reach & Growth,HIGH,EST,Estonia,2025,0,OK,-0.428360939161402,1,2026-07-13,2026-08-20 16:40:34.978
POP_TOTAL,SP.POP.TOTL,Total population,Reach & Growth,HIGH,EST,Estonia,2025,0,OK,1366475.0,0,2026-07-13,2026-08-20 16:40:35.021
RURAL_POP,SP.RUR.TOTL.ZS,Rural population,Reach & Growth,HIGH,EST,Estonia,2025,0,OK,29.2791473401871,0,2026-07-13,2026-08-20 16:40:34.940
U5_MORTALITY,SH.DYN.MORT,"Mortality rate, under-5",Human Development,HIGH,EST,Estonia,2024,1,OK,2.0,0,2026-07-13,2026-08-20 16:40:34.771
WATER_ACCESS,SH.H2O.SMDW.ZS,People using safely managed drinking water services,Water Need,LOW,EST,Estonia,2024,1,OK,98.9439097263954,0,2026-07-13,2026-08-20 16:40:34.666
EDUCATION,SE.PRM.CMPT.ZS,"Primary completion rate, total",Human Development,LOW,SWZ,Eswatini,2023,2,OK,93.6081152424768,0,2026-07-13,2026-08-20 16:40:35.066
ELECTRICITY,EG.ELC.ACCS.ZS,Access to electricity,Infrastructure & Affordability,LOW,SWZ,Eswatini,2024,1,OK,89.3,1,2026-07-13,2026-08-20 16:40:34.894
FRESHWATER_PC,ER.H2O.INTR.PC,Renewable internal freshwater resources per capita,Water Need,LOW,SWZ,Eswatini,2022,3,OK,2165.85706820071,0,2026-07-13,2026-08-20 16:40:34.738
GDP_PC_PPP,NY.GDP.PCAP.PP.CD,"GDP per capita, PPP",Infrastructure & Affordability,LOW,SWZ,Eswatini,2025,0,OK,12529.2796629252,1,2026-07-13,2026-08-20 16:40:34.813
POP_GROWTH,SP.POP.GROW,Population growth,Reach & Growth,HIGH,SWZ,Eswatini,2025,0,OK,1.06859931393766,1,2026-07-13,2026-08-20 16:40:34.978
POP_TOTAL,SP.POP.TOTL,Total population,Reach & Growth,HIGH,SWZ,Eswatini,2025,0,OK,1256174.0,0,2026-07-13,2026-08-20 16:40:35.021
RURAL_POP,SP.RUR.TOTL.ZS,Rural population,Reach & Growth,HIGH,SWZ,Eswatini,2025,0,OK,73.2786290293475,0,2026-07-13,2026-08-20 16:40:34.940
U5_MORTALITY,SH.DYN.MORT,"Mortality rate, under-5",Human Development,HIGH,SWZ,Eswatini,2024,1,OK,45.1,0,2026-07-13,2026-08-20 16:40:34.771
WATER_ACCESS,SH.H2O.SMDW.ZS,People using safely managed drinking water services,Water Need,LOW,SWZ,Eswatini,2024,1,OK,38.2165357028722,0,2026-07-13,2026-08-20 16:40:34.666
EDUCATION,SE.PRM.CMPT.ZS,"Primary completion rate, total",Human Development,LOW,ETH,Ethiopia,2024,1,OK,54.4429654143725,0,2026-07-13,2026-08-20 16:40:35.066
ELECTRICITY,EG.ELC.ACCS.ZS,Access to electricity,Infrastructure & Affordability,LOW,ETH,Ethiopia,2024,1,OK,56.6,1,2026-07-13,2026-08-20 16:40:34.894
FRESHWATER_PC,ER.H2O.INTR.PC,Renewable internal freshwater resources per capita,Water Need,LOW,ETH,Ethiopia,2022,3,OK,973.008683296975,0,2026-07-13,2026-08-20 16:40:34.738
GDP_PC_PPP,NY.GDP.PCAP.PP.CD,"GDP per capita, PPP",Infrastructure & Affordability,LOW,ETH,Ethiopia,2025,0,OK,3621.67487597821,1,2026-07-13,2026-08-20 16:40:34.813
POP_GROWTH,SP.POP.GROW,Population growth,Reach & Growth,HIGH,ETH,Ethiopia,2025,0,OK,2.55107529460765,1,2026-07-13,2026-08-20 16:40:34.978
POP_TOTAL,SP.POP.TOTL,Total population,Reach & Growth,HIGH,ETH,Ethiopia,2025,0,OK,135472051.0,0,2026-07-13,2026-08-20 16:40:35.021
RURAL_POP,SP.RUR.TOTL.ZS,Rural population,Reach & Growth,HIGH,ETH,Ethiopia,2025,0,OK,75.8903047911054,0,2026-07-13,2026-08-20 16:40:34.940
U5_MORTALITY,SH.DYN.MORT,"Mortality rate, under-5",Human Development,HIGH,ETH,Ethiopia,2024,1,OK,44.5,0,2026-07-13,2026-08-20 16:40:34.771
WATER_ACCESS,SH.H2O.SMDW.ZS,People using safely managed drinking water services,Water Need,LOW,ETH,Ethiopia,2024,1,OK,13.547200922558,0,2026-07-13,2026-08-20 16:40:34.666
ELECTRICITY,EG.ELC.ACCS.ZS,Access to electricity,Infrastructure & Affordability,LOW,FRO,Faroe Islands,2024,1,OK,100.0,1,2026-07-13,2026-08-20 16:40:34.894
GDP_PC_PPP,NY.GDP.PCAP.PP.CD,"GDP per capita, PPP",Infrastructure & Affordability,LOW,FRO,Faroe Islands,2024,1,OK,82089.2832575392,1,2026-07-13,2026-08-20 16:40:34.813
POP_GROWTH,SP.POP.GROW,Population growth,Reach & Growth,HIGH,FRO,Faroe Islands,2025,0,OK,0.474713325295028,1,2026-07-13,2026-08-20 16:40:34.978
POP_TOTAL,SP.POP.TOTL,Total population,Reach & Growth,HIGH,FRO,Faroe Islands,2025,0,OK,54900.0,0,2026-07-13,2026-08-20 16:40:35.021
RURAL_POP,SP.RUR.TOTL.ZS,Rural population,Reach & Growth,HIGH,FRO,Faroe Islands,2025,0,OK,60.356678214554,0,2026-07-13,2026-08-20 16:40:34.940
EDUCATION,SE.PRM.CMPT.ZS,"Primary completion rate, total",Human Development,LOW,FJI,Fiji,2024,1,OK,116.307893020222,0,2026-07-13,2026-08-20 16:40:35.066
ELECTRICITY,EG.ELC.ACCS.ZS,Access to electricity,Infrastructure & Affordability,LOW,FJI,Fiji,2024,1,OK,95.9,1,2026-07-13,2026-08-20 16:40:34.894
FRESHWATER_PC,ER.H2O.INTR.PC,Renewable internal freshwater resources per capita,Water Need,LOW,FJI,Fiji,2022,3,OK,31052.1175260109,0,2026-07-13,2026-08-20 16:40:34.738
GDP_PC_PPP,NY.GDP.PCAP.PP.CD,"GDP per capita, PPP",Infrastructure & Affordability,LOW,FJI,Fiji,2025,0,OK,16337.5722970567,1,2026-07-13,2026-08-20 16:40:34.813
POP_GROWTH,SP.POP.GROW,Population growth,Reach & Growth,HIGH,FJI,Fiji,2025,0,OK,0.469404246979013,1,2026-07-13,2026-08-20 16:40:34.978
POP_TOTAL,SP.POP.TOTL,Total population,Reach & Growth,HIGH,FJI,Fiji,2025,0,OK,933154.0,0,2026-07-13,2026-08-20 16:40:35.021
RURAL_POP,SP.RUR.TOTL.ZS,Rural population,Reach & Growth,HIGH,FJI,Fiji,2025,0,OK,40.4555448163631,0,2026-07-13,2026-08-20 16:40:34.940
U5_MORTALITY,SH.DYN.MORT,"Mortality rate, under-5",Human Development,HIGH,FJI,Fiji,2024,1,OK,29.1,0,2026-07-13,2026-08-20 16:40:34.771
WATER_ACCESS,SH.H2O.SMDW.ZS,People using safely managed drinking water services,Water Need,LOW,FJI,Fiji,2024,1,OK,42.1107501060855,0,2026-07-13,2026-08-20 16:40:34.666
EDUCATION,SE.PRM.CMPT.ZS,"Primary completion rate, total",Human Development,LOW,FIN,Finland,2024,1,OK,97.1977310180664,0,2026-07-13,2026-08-20 16:40:35.066
ELECTRICITY,EG.ELC.ACCS.ZS,Access to electricity,Infrastructure & Affordability,LOW,FIN,Finland,2024,1,OK,100.0,1,2026-07-13,2026-08-20 16:40:34.894
FRESHWATER_PC,ER.H2O.INTR.PC,Renewable internal freshwater resources per capita,Water Need,LOW,FIN,Finland,2022,3,OK,19258.0919082537,0,2026-07-13,2026-08-20 16:40:34.738
GDP_PC_PPP,NY.GDP.PCAP.PP.CD,"GDP per capita, PPP",Infrastructure & Affordability,LOW,FIN,Finland,2025,0,OK,65884.4876972259,1,2026-07-13,2026-08-20 16:40:34.813
POP_GROWTH,SP.POP.GROW,Population growth,Reach & Growth,HIGH,FIN,Finland,2025,0,OK,0.470872218110853,1,2026-07-13,2026-08-20 16:40:34.978
POP_TOTAL,SP.POP.TOTL,Total population,Reach & Growth,HIGH,FIN,Finland,2025,0,OK,5646436.0,0,2026-07-13,2026-08-20 16:40:35.021
RURAL_POP,SP.RUR.TOTL.ZS,Rural population,Reach & Growth,HIGH,FIN,Finland,2025,0,OK,25.4752155680152,0,2026-07-13,2026-08-20 16:40:34.940
U5_MORTALITY,SH.DYN.MORT,"Mortality rate, under-5",Human Development,HIGH,FIN,Finland,2024,1,OK,2.4,0,2026-07-13,2026-08-20 16:40:34.771
WATER_ACCESS,SH.H2O.SMDW.ZS,People using safely managed drinking water services,Water Need,LOW,FIN,Finland,2024,1,OK,99.646796710852,0,2026-07-13,2026-08-20 16:40:34.666
ELECTRICITY,EG.ELC.ACCS.ZS,Access to electricity,Infrastructure & Affordability,LOW,FRA,France,2024,1,OK,100.0,1,2026-07-13,2026-08-20 16:40:34.894
FRESHWATER_PC,ER.H2O.INTR.PC,Renewable internal freshwater resources per capita,Water Need,LOW,FRA,France,2022,3,OK,2933.21980990477,0,2026-07-13,2026-08-20 16:40:34.738
GDP_PC_PPP,NY.GDP.PCAP.PP.CD,"GDP per capita, PPP",Infrastructure & Affordability,LOW,FRA,France,2025,0,OK,63975.353585864,1,2026-07-13,2026-08-20 16:40:34.813
POP_GROWTH,SP.POP.GROW,Population growth,Reach & Growth,HIGH,FRA,France,2025,0,OK,0.245766211891762,1,2026-07-13,2026-08-20 16:40:34.978
POP_TOTAL,SP.POP.TOTL,Total population,Reach & Growth,HIGH,FRA,France,2025,0,OK,68720337.0,0,2026-07-13,2026-08-20 16:40:35.021
RURAL_POP,SP.RUR.TOTL.ZS,Rural population,Reach & Growth,HIGH,FRA,France,2025,0,OK,21.1550349436416,0,2026-07-13,2026-08-20 16:40:34.940
U5_MORTALITY,SH.DYN.MORT,"Mortality rate, under-5",Human Development,HIGH,FRA,France,2024,1,OK,4.3,0,2026-07-13,2026-08-20 16:40:34.771
WATER_ACCESS,SH.H2O.SMDW.ZS,People using safely managed drinking water services,Water Need,LOW,FRA,France,2024,1,OK,99.7127014746794,0,2026-07-13,2026-08-20 16:40:34.666
ELECTRICITY,EG.ELC.ACCS.ZS,Access to electricity,Infrastructure & Affordability,LOW,PYF,French Polynesia,2024,1,OK,100.0,1,2026-07-13,2026-08-20 16:40:34.894
POP_GROWTH,SP.POP.GROW,Population growth,Reach & Growth,HIGH,PYF,French Polynesia,2025,0,OK,0.23322096373719,1,2026-07-13,2026-08-20 16:40:34.978
POP_TOTAL,SP.POP.TOTL,Total population,Reach & Growth,HIGH,PYF,French Polynesia,2025,0,OK,282465.0,0,2026-07-13,2026-08-20 16:40:35.021
RURAL_POP,SP.RUR.TOTL.ZS,Rural population,Reach & Growth,HIGH,PYF,French Polynesia,2025,0,OK,38.2416233526169,0,2026-07-13,2026-08-20 16:40:34.940
WATER_ACCESS,SH.H2O.SMDW.ZS,People using safely managed drinking water services,Water Need,LOW,PYF,French Polynesia,2024,1,OK,90.448717948718,0,2026-07-13,2026-08-20 16:40:34.666
ELECTRICITY,EG.ELC.ACCS.ZS,Access to electricity,Infrastructure & Affordability,LOW,GAB,Gabon,2024,1,OK,95.1,1,2026-07-13,2026-08-20 16:40:34.894
FRESHWATER_PC,ER.H2O.INTR.PC,Renewable internal freshwater resources per capita,Water Need,LOW,GAB,Gabon,2022,3,OK,67468.9714725556,0,2026-07-13,2026-08-20 16:40:34.738
GDP_PC_PPP,NY.GDP.PCAP.PP.CD,"GDP per capita, PPP",Infrastructure & Affordability,LOW,GAB,Gabon,2025,0,OK,22218.341068445,1,2026-07-13,2026-08-20 16:40:34.813
POP_GROWTH,SP.POP.GROW,Population growth,Reach & Growth,HIGH,GAB,Gabon,2025,0,OK,2.11142428155027,1,2026-07-13,2026-08-20 16:40:34.978
POP_TOTAL,SP.POP.TOTL,Total population,Reach & Growth,HIGH,GAB,Gabon,2025,0,OK,2593130.0,0,2026-07-13,2026-08-20 16:40:35.021
RURAL_POP,SP.RUR.TOTL.ZS,Rural population,Reach & Growth,HIGH,GAB,Gabon,2025,0,OK,7.91233333179321,0,2026-07-13,2026-08-20 16:40:34.940
U5_MORTALITY,SH.DYN.MORT,"Mortality rate, under-5",Human Development,HIGH,GAB,Gabon,2024,1,OK,32.6,0,2026-07-13,2026-08-20 16:40:34.771
EDUCATION,SE.PRM.CMPT.ZS,"Primary completion rate, total",Human Development,LOW,GMB,"Gambia, The",2025,0,OK,84.1702033842253,0,2026-07-13,2026-08-20 16:40:35.066
ELECTRICITY,EG.ELC.ACCS.ZS,Access to electricity,Infrastructure & Affordability,LOW,GMB,"Gambia, The",2024,1,OK,69.0,1,2026-07-13,2026-08-20 16:40:34.894
FRESHWATER_PC,ER.H2O.INTR.PC,Renewable internal freshwater resources per capita,Water Need,LOW,GMB,"Gambia, The",2022,3,OK,1137.88512670351,0,2026-07-13,2026-08-20 16:40:34.738
GDP_PC_PPP,NY.GDP.PCAP.PP.CD,"GDP per capita, PPP",Infrastructure & Affordability,LOW,GMB,"Gambia, The",2025,0,OK,3705.64184038599,1,2026-07-13,2026-08-20 16:40:34.813
POP_GROWTH,SP.POP.GROW,Population growth,Reach & Growth,HIGH,GMB,"Gambia, The",2025,0,OK,2.22524763449017,1,2026-07-13,2026-08-20 16:40:34.978
POP_TOTAL,SP.POP.TOTL,Total population,Reach & Growth,HIGH,GMB,"Gambia, The",2025,0,OK,2822093.0,0,2026-07-13,2026-08-20 16:40:35.021
RURAL_POP,SP.RUR.TOTL.ZS,Rural population,Reach & Growth,HIGH,GMB,"Gambia, The",2025,0,OK,35.0115138674419,0,2026-07-13,2026-08-20 16:40:34.940
U5_MORTALITY,SH.DYN.MORT,"Mortality rate, under-5",Human Development,HIGH,GMB,"Gambia, The",2024,1,OK,42.4,0,2026-07-13,2026-08-20 16:40:34.771
WATER_ACCESS,SH.H2O.SMDW.ZS,People using safely managed drinking water services,Water Need,LOW,GMB,"Gambia, The",2024,1,OK,48.1790034938582,0,2026-07-13,2026-08-20 16:40:34.666
EDUCATION,SE.PRM.CMPT.ZS,"Primary completion rate, total",Human Development,LOW,GEO,Georgia,2024,1,OK,103.758309503472,0,2026-07-13,2026-08-20 16:40:35.066
ELECTRICITY,EG.ELC.ACCS.ZS,Access to electricity,Infrastructure & Affordability,LOW,GEO,Georgia,2024,1,OK,100.0,1,2026-07-13,2026-08-20 16:40:34.894
FRESHWATER_PC,ER.H2O.INTR.PC,Renewable internal freshwater resources per capita,Water Need,LOW,GEO,Georgia,2022,3,OK,15657.904022678,0,2026-07-13,2026-08-20 16:40:34.738
GDP_PC_PPP,NY.GDP.PCAP.PP.CD,"GDP per capita, PPP",Infrastructure & Affordability,LOW,GEO,Georgia,2025,0,OK,29414.3813424216,1,2026-07-13,2026-08-20 16:40:34.813
POP_GROWTH,SP.POP.GROW,Population growth,Reach & Growth,HIGH,GEO,Georgia,2025,0,OK,3.1815662969341,1,2026-07-13,2026-08-20 16:40:34.978
POP_TOTAL,SP.POP.TOTL,Total population,Reach & Growth,HIGH,GEO,Georgia,2025,0,OK,3935766.0,0,2026-07-13,2026-08-20 16:40:35.021
RURAL_POP,SP.RUR.TOTL.ZS,Rural population,Reach & Growth,HIGH,GEO,Georgia,2025,0,OK,38.8218635909594,0,2026-07-13,2026-08-20 16:40:34.940
U5_MORTALITY,SH.DYN.MORT,"Mortality rate, under-5",Human Development,HIGH,GEO,Georgia,2024,1,OK,8.6,0,2026-07-13,2026-08-20 16:40:34.771
WATER_ACCESS,SH.H2O.SMDW.ZS,People using safely managed drinking water services,Water Need,LOW,GEO,Georgia,2024,1,OK,70.526609726787,0,2026-07-13,2026-08-20 16:40:34.666
EDUCATION,SE.PRM.CMPT.ZS,"Primary completion rate, total",Human Development,LOW,DEU,Germany,2024,1,OK,96.8359603881836,0,2026-07-13,2026-08-20 16:40:35.066
ELECTRICITY,EG.ELC.ACCS.ZS,Access to electricity,Infrastructure & Affordability,LOW,DEU,Germany,2024,1,OK,100.0,1,2026-07-13,2026-08-20 16:40:34.894
FRESHWATER_PC,ER.H2O.INTR.PC,Renewable internal freshwater resources per capita,Water Need,LOW,DEU,Germany,2022,3,OK,1286.40073765825,0,2026-07-13,2026-08-20 16:40:34.738
GDP_PC_PPP,NY.GDP.PCAP.PP.CD,"GDP per capita, PPP",Infrastructure & Affordability,LOW,DEU,Germany,2025,0,OK,75406.6888111618,1,2026-07-13,2026-08-20 16:40:34.813
POP_GROWTH,SP.POP.GROW,Population growth,Reach & Growth,HIGH,DEU,Germany,2025,0,OK,-0.0303506708320264,1,2026-07-13,2026-08-20 16:40:34.978
POP_TOTAL,SP.POP.TOTL,Total population,Reach & Growth,HIGH,DEU,Germany,2025,0,OK,83491249.0,0,2026-07-13,2026-08-20 16:40:35.021
RURAL_POP,SP.RUR.TOTL.ZS,Rural population,Reach & Growth,HIGH,DEU,Germany,2025,0,OK,17.86177794638,0,2026-07-13,2026-08-20 16:40:34.940
U5_MORTALITY,SH.DYN.MORT,"Mortality rate, under-5",Human Development,HIGH,DEU,Germany,2024,1,OK,3.7,0,2026-07-13,2026-08-20 16:40:34.771
WATER_ACCESS,SH.H2O.SMDW.ZS,People using safely managed drinking water services,Water Need,LOW,DEU,Germany,2024,1,OK,99.9172979459354,0,2026-07-13,2026-08-20 16:40:34.666
EDUCATION,SE.PRM.CMPT.ZS,"Primary completion rate, total",Human Development,LOW,GHA,Ghana,2024,1,OK,97.5019836425781,0,2026-07-13,2026-08-20 16:40:35.066
ELECTRICITY,EG.ELC.ACCS.ZS,Access to electricity,Infrastructure & Affordability,LOW,GHA,Ghana,2024,1,OK,91.9,1,2026-07-13,2026-08-20 16:40:34.894
FRESHWATER_PC,ER.H2O.INTR.PC,Renewable internal freshwater resources per capita,Water Need,LOW,GHA,Ghana,2022,3,OK,914.050531368042,0,2026-07-13,2026-08-20 16:40:34.738
GDP_PC_PPP,NY.GDP.PCAP.PP.CD,"GDP per capita, PPP",Infrastructure & Affordability,LOW,GHA,Ghana,2025,0,OK,8610.2796922986,1,2026-07-13,2026-08-20 16:40:34.813
POP_GROWTH,SP.POP.GROW,Population growth,Reach & Growth,HIGH,GHA,Ghana,2025,0,OK,1.83295547173437,1,2026-07-13,2026-08-20 16:40:34.978
POP_TOTAL,SP.POP.TOTL,Total population,Reach & Growth,HIGH,GHA,Ghana,2025,0,OK,35064272.0,0,2026-07-13,2026-08-20 16:40:35.021
RURAL_POP,SP.RUR.TOTL.ZS,Rural population,Reach & Growth,HIGH,GHA,Ghana,2025,0,OK,41.0753138526875,0,2026-07-13,2026-08-20 16:40:34.940
U5_MORTALITY,SH.DYN.MORT,"Mortality rate, under-5",Human Development,HIGH,GHA,Ghana,2024,1,OK,35.9,0,2026-07-13,2026-08-20 16:40:34.771
WATER_ACCESS,SH.H2O.SMDW.ZS,People using safely managed drinking water services,Water Need,LOW,GHA,Ghana,2024,1,OK,42.9413892027374,0,2026-07-13,2026-08-20 16:40:34.666
EDUCATION,SE.PRM.CMPT.ZS,"Primary completion rate, total",Human Development,LOW,GIB,Gibraltar,2024,1,OK,95.4070981210856,0,2026-07-13,2026-08-20 16:40:35.066
ELECTRICITY,EG.ELC.ACCS.ZS,Access to electricity,Infrastructure & Affordability,LOW,GIB,Gibraltar,2024,1,OK,100.0,1,2026-07-13,2026-08-20 16:40:34.894
POP_GROWTH,SP.POP.GROW,Population growth,Reach & Growth,HIGH,GIB,Gibraltar,2025,0,OK,2.00623430210837,1,2026-07-13,2026-08-20 16:40:34.978
POP_TOTAL,SP.POP.TOTL,Total population,Reach & Growth,HIGH,GIB,Gibraltar,2025,0,OK,40126.0,0,2026-07-13,2026-08-20 16:40:35.021
RURAL_POP,SP.RUR.TOTL.ZS,Rural population,Reach & Growth,HIGH,GIB,Gibraltar,2025,0,OK,0.0,0,2026-07-13,2026-08-20 16:40:34.940
WATER_ACCESS,SH.H2O.SMDW.ZS,People using safely managed drinking water services,Water Need,LOW,GIB,Gibraltar,2024,1,OK,100.0,0,2026-07-13,2026-08-20 16:40:34.666
EDUCATION,SE.PRM.CMPT.ZS,"Primary completion rate, total",Human Development,LOW,GRC,Greece,2023,2,OK,99.9148864746094,0,2026-07-13,2026-08-20 16:40:35.066
ELECTRICITY,EG.ELC.ACCS.ZS,Access to electricity,Infrastructure & Affordability,LOW,GRC,Greece,2024,1,OK,100.0,1,2026-07-13,2026-08-20 16:40:34.894
FRESHWATER_PC,ER.H2O.INTR.PC,Renewable internal freshwater resources per capita,Water Need,LOW,GRC,Greece,2022,3,OK,5556.72385142278,0,2026-07-13,2026-08-20 16:40:34.738
GDP_PC_PPP,NY.GDP.PCAP.PP.CD,"GDP per capita, PPP",Infrastructure & Affordability,LOW,GRC,Greece,2025,0,OK,45263.6498511586,1,2026-07-13,2026-08-20 16:40:34.813
POP_GROWTH,SP.POP.GROW,Population growth,Reach & Growth,HIGH,GRC,Greece,2025,0,OK,0.0848067613416544,1,2026-07-13,2026-08-20 16:40:34.978
POP_TOTAL,SP.POP.TOTL,Total population,Reach & Growth,HIGH,GRC,Greece,2025,0,OK,10413962.0,0,2026-07-13,2026-08-20 16:40:35.021
RURAL_POP,SP.RUR.TOTL.ZS,Rural population,Reach & Growth,HIGH,GRC,Greece,2025,0,OK,20.7753917151463,0,2026-07-13,2026-08-20 16:40:34.940
U5_MORTALITY,SH.DYN.MORT,"Mortality rate, under-5",Human Development,HIGH,GRC,Greece,2024,1,OK,3.8,0,2026-07-13,2026-08-20 16:40:34.771
WATER_ACCESS,SH.H2O.SMDW.ZS,People using safely managed drinking water services,Water Need,LOW,GRC,Greece,2024,1,OK,96.6861554835288,0,2026-07-13,2026-08-20 16:40:34.666
ELECTRICITY,EG.ELC.ACCS.ZS,Access to electricity,Infrastructure & Affordability,LOW,GRL,Greenland,2024,1,OK,100.0,1,2026-07-13,2026-08-20 16:40:34.894
GDP_PC_PPP,NY.GDP.PCAP.PP.CD,"GDP per capita, PPP",Infrastructure & Affordability,LOW,GRL,Greenland,2023,2,OK,78905.5801137274,1,2026-07-13,2026-08-20 16:40:34.813
POP_GROWTH,SP.POP.GROW,Population growth,Reach & Growth,HIGH,GRL,Greenland,2025,0,OK,-0.00879762816511268,1,2026-07-13,2026-08-20 16:40:34.978
POP_TOTAL,SP.POP.TOTL,Total population,Reach & Growth,HIGH,GRL,Greenland,2025,0,OK,56831.0,0,2026-07-13,2026-08-20 16:40:35.021
RURAL_POP,SP.RUR.TOTL.ZS,Rural population,Reach & Growth,HIGH,GRL,Greenland,2025,0,OK,11.4259891344848,0,2026-07-13,2026-08-20 16:40:34.940
EDUCATION,SE.PRM.CMPT.ZS,"Primary completion rate, total",Human Development,LOW,GRD,Grenada,2024,1,OK,97.4727168294084,0,2026-07-13,2026-08-20 16:40:35.066
ELECTRICITY,EG.ELC.ACCS.ZS,Access to electricity,Infrastructure & Affordability,LOW,GRD,Grenada,2024,1,OK,95.6,1,2026-07-13,2026-08-20 16:40:34.894
FRESHWATER_PC,ER.H2O.INTR.PC,Renewable internal freshwater resources per capita,Water Need,LOW,GRD,Grenada,2022,3,OK,1710.67374885599,0,2026-07-13,2026-08-20 16:40:34.738
GDP_PC_PPP,NY.GDP.PCAP.PP.CD,"GDP per capita, PPP",Infrastructure & Affordability,LOW,GRD,Grenada,2025,0,OK,21345.9653408221,1,2026-07-13,2026-08-20 16:40:34.813
POP_GROWTH,SP.POP.GROW,Population growth,Reach & Growth,HIGH,GRD,Grenada,2025,0,OK,0.081872845816827,1,2026-07-13,2026-08-20 16:40:34.978
POP_TOTAL,SP.POP.TOTL,Total population,Reach & Growth,HIGH,GRD,Grenada,2025,0,OK,117303.0,0,2026-07-13,2026-08-20 16:40:35.021
RURAL_POP,SP.RUR.TOTL.ZS,Rural population,Reach & Growth,HIGH,GRD,Grenada,2025,0,OK,63.3291935663173,0,2026-07-13,2026-08-20 16:40:34.940
U5_MORTALITY,SH.DYN.MORT,"Mortality rate, under-5",Human Development,HIGH,GRD,Grenada,2024,1,OK,18.0,0,2026-07-13,2026-08-20 16:40:34.771
ELECTRICITY,EG.ELC.ACCS.ZS,Access to electricity,Infrastructure & Affordability,LOW,GUM,Guam,2024,1,OK,100.0,1,2026-07-13,2026-08-20 16:40:34.894
POP_GROWTH,SP.POP.GROW,Population growth,Reach & Growth,HIGH,GUM,Guam,2025,0,OK,0.725708104538761,1,2026-07-13,2026-08-20 16:40:34.978
POP_TOTAL,SP.POP.TOTL,Total population,Reach & Growth,HIGH,GUM,Guam,2025,0,OK,168999.0,0,2026-07-13,2026-08-20 16:40:35.021
RURAL_POP,SP.RUR.TOTL.ZS,Rural population,Reach & Growth,HIGH,GUM,Guam,2025,0,OK,5.78025365663591,0,2026-07-13,2026-08-20 16:40:34.940
WATER_ACCESS,SH.H2O.SMDW.ZS,People using safely managed drinking water services,Water Need,LOW,GUM,Guam,2024,1,OK,93.9971537831548,0,2026-07-13,2026-08-20 16:40:34.666
EDUCATION,SE.PRM.CMPT.ZS,"Primary completion rate, total",Human Development,LOW,GTM,Guatemala,2024,1,OK,86.5089663572102,0,2026-07-13,2026-08-20 16:40:35.066
ELECTRICITY,EG.ELC.ACCS.ZS,Access to electricity,Infrastructure & Affordability,LOW,GTM,Guatemala,2024,1,OK,90.9,1,2026-07-13,2026-08-20 16:40:34.894
FRESHWATER_PC,ER.H2O.INTR.PC,Renewable internal freshwater resources per capita,Water Need,LOW,GTM,Guatemala,2022,3,OK,6118.37475123792,0,2026-07-13,2026-08-20 16:40:34.738
GDP_PC_PPP,NY.GDP.PCAP.PP.CD,"GDP per capita, PPP",Infrastructure & Affordability,LOW,GTM,Guatemala,2025,0,OK,15197.0831415082,1,2026-07-13,2026-08-20 16:40:34.813
POP_GROWTH,SP.POP.GROW,Population growth,Reach & Growth,HIGH,GTM,Guatemala,2025,0,OK,1.5179036167086,1,2026-07-13,2026-08-20 16:40:34.978
POP_TOTAL,SP.POP.TOTL,Total population,Reach & Growth,HIGH,GTM,Guatemala,2025,0,OK,18687881.0,0,2026-07-13,2026-08-20 16:40:35.021
RURAL_POP,SP.RUR.TOTL.ZS,Rural population,Reach & Growth,HIGH,GTM,Guatemala,2025,0,OK,43.7027966986001,0,2026-07-13,2026-08-20 16:40:34.940
U5_MORTALITY,SH.DYN.MORT,"Mortality rate, under-5",Human Development,HIGH,GTM,Guatemala,2024,1,OK,20.5,0,2026-07-13,2026-08-20 16:40:34.771
WATER_ACCESS,SH.H2O.SMDW.ZS,People using safely managed drinking water services,Water Need,LOW,GTM,Guatemala,2024,1,OK,48.7871950677385,0,2026-07-13,2026-08-20 16:40:34.666
EDUCATION,SE.PRM.CMPT.ZS,"Primary completion rate, total",Human Development,LOW,GIN,Guinea,2020,5,STALE,59.8791389465332,0,2026-07-13,2026-08-20 16:40:35.066
ELECTRICITY,EG.ELC.ACCS.ZS,Access to electricity,Infrastructure & Affordability,LOW,GIN,Guinea,2024,1,OK,53.8,1,2026-07-13,2026-08-20 16:40:34.894
FRESHWATER_PC,ER.H2O.INTR.PC,Renewable internal freshwater resources per capita,Water Need,LOW,GIN,Guinea,2022,3,OK,16079.5302102,0,2026-07-13,2026-08-20 16:40:34.738
GDP_PC_PPP,NY.GDP.PCAP.PP.CD,"GDP per capita, PPP",Infrastructure & Affordability,LOW,GIN,Guinea,2025,0,OK,4934.65125959855,1,2026-07-13,2026-08-20 16:40:34.813
POP_GROWTH,SP.POP.GROW,Population growth,Reach & Growth,HIGH,GIN,Guinea,2025,0,OK,2.31092272302565,1,2026-07-13,2026-08-20 16:40:34.978
POP_TOTAL,SP.POP.TOTL,Total population,Reach & Growth,HIGH,GIN,Guinea,2025,0,OK,15099727.0,0,2026-07-13,2026-08-20 16:40:35.021
RURAL_POP,SP.RUR.TOTL.ZS,Rural population,Reach & Growth,HIGH,GIN,Guinea,2025,0,OK,61.4834665533438,0,2026-07-13,2026-08-20 16:40:34.940
U5_MORTALITY,SH.DYN.MORT,"Mortality rate, under-5",Human Development,HIGH,GIN,Guinea,2024,1,OK,92.1,0,2026-07-13,2026-08-20 16:40:34.771
ELECTRICITY,EG.ELC.ACCS.ZS,Access to electricity,Infrastructure & Affordability,LOW,GNB,Guinea-Bissau,2024,1,OK,43.7,1,2026-07-13,2026-08-20 16:40:34.894
FRESHWATER_PC,ER.H2O.INTR.PC,Renewable internal freshwater resources per capita,Water Need,LOW,GNB,Guinea-Bissau,2022,3,OK,7599.04043116955,0,2026-07-13,2026-08-20 16:40:34.738
GDP_PC_PPP,NY.GDP.PCAP.PP.CD,"GDP per capita, PPP",Infrastructure & Affordability,LOW,GNB,Guinea-Bissau,2025,0,OK,3293.09532269486,1,2026-07-13,2026-08-20 16:40:34.813
POP_GROWTH,SP.POP.GROW,Population growth,Reach & Growth,HIGH,GNB,Guinea-Bissau,2025,0,OK,2.16429203622489,1,2026-07-13,2026-08-20 16:40:34.978
POP_TOTAL,SP.POP.TOTL,Total population,Reach & Growth,HIGH,GNB,Guinea-Bissau,2025,0,OK,2249515.0,0,2026-07-13,2026-08-20 16:40:35.021
RURAL_POP,SP.RUR.TOTL.ZS,Rural population,Reach & Growth,HIGH,GNB,Guinea-Bissau,2025,0,OK,53.3489684718708,0,2026-07-13,2026-08-20 16:40:34.940
U5_MORTALITY,SH.DYN.MORT,"Mortality rate, under-5",Human Development,HIGH,GNB,Guinea-Bissau,2024,1,OK,67.3,0,2026-07-13,2026-08-20 16:40:34.771
WATER_ACCESS,SH.H2O.SMDW.ZS,People using safely managed drinking water services,Water Need,LOW,GNB,Guinea-Bissau,2024,1,OK,23.9850167901073,0,2026-07-13,2026-08-20 16:40:34.666
ELECTRICITY,EG.ELC.ACCS.ZS,Access to electricity,Infrastructure & Affordability,LOW,GUY,Guyana,2024,1,OK,93.0,1,2026-07-13,2026-08-20 16:40:34.894
FRESHWATER_PC,ER.H2O.INTR.PC,Renewable internal freshwater resources per capita,Water Need,LOW,GUY,Guyana,2022,3,OK,293316.878378165,0,2026-07-13,2026-08-20 16:40:34.738
GDP_PC_PPP,NY.GDP.PCAP.PP.CD,"GDP per capita, PPP",Infrastructure & Affordability,LOW,GUY,Guyana,2025,0,OK,97899.0116180627,1,2026-07-13,2026-08-20 16:40:34.813
POP_GROWTH,SP.POP.GROW,Population growth,Reach & Growth,HIGH,GUY,Guyana,2025,0,OK,0.58773840166977,1,2026-07-13,2026-08-20 16:40:34.978
POP_TOTAL,SP.POP.TOTL,Total population,Reach & Growth,HIGH,GUY,Guyana,2025,0,OK,835986.0,0,2026-07-13,2026-08-20 16:40:35.021
RURAL_POP,SP.RUR.TOTL.ZS,Rural population,Reach & Growth,HIGH,GUY,Guyana,2025,0,OK,73.5086123451019,0,2026-07-13,2026-08-20 16:40:34.940
U5_MORTALITY,SH.DYN.MORT,"Mortality rate, under-5",Human Development,HIGH,GUY,Guyana,2024,1,OK,25.2,0,2026-07-13,2026-08-20 16:40:34.771
WATER_ACCESS,SH.H2O.SMDW.ZS,People using safely managed drinking water services,Water Need,LOW,GUY,Guyana,2024,1,OK,67.1744374324054,0,2026-07-13,2026-08-20 16:40:34.666
ELECTRICITY,EG.ELC.ACCS.ZS,Access to electricity,Infrastructure & Affordability,LOW,HTI,Haiti,2024,1,OK,53.9,1,2026-07-13,2026-08-20 16:40:34.894
FRESHWATER_PC,ER.H2O.INTR.PC,Renewable internal freshwater resources per capita,Water Need,LOW,HTI,Haiti,2022,3,OK,1130.68893353962,0,2026-07-13,2026-08-20 16:40:34.738
GDP_PC_PPP,NY.GDP.PCAP.PP.CD,"GDP per capita, PPP",Infrastructure & Affordability,LOW,HTI,Haiti,2025,0,OK,3133.72347930529,1,2026-07-13,2026-08-20 16:40:34.813
POP_GROWTH,SP.POP.GROW,Population growth,Reach & Growth,HIGH,HTI,Haiti,2025,0,OK,1.12793089533676,1,2026-07-13,2026-08-20 16:40:34.978
POP_TOTAL,SP.POP.TOTL,Total population,Reach & Growth,HIGH,HTI,Haiti,2025,0,OK,11906095.0,0,2026-07-13,2026-08-20 16:40:35.021
RURAL_POP,SP.RUR.TOTL.ZS,Rural population,Reach & Growth,HIGH,HTI,Haiti,2025,0,OK,44.3851144140058,0,2026-07-13,2026-08-20 16:40:34.940
U5_MORTALITY,SH.DYN.MORT,"Mortality rate, under-5",Human Development,HIGH,HTI,Haiti,2024,1,OK,52.8,0,2026-07-13,2026-08-20 16:40:34.771
EDUCATION,SE.PRM.CMPT.ZS,"Primary completion rate, total",Human Development,LOW,HND,Honduras,2024,1,OK,71.9894641150556,0,2026-07-13,2026-08-20 16:40:35.066
ELECTRICITY,EG.ELC.ACCS.ZS,Access to electricity,Infrastructure & Affordability,LOW,HND,Honduras,2024,1,OK,95.5,1,2026-07-13,2026-08-20 16:40:34.894
FRESHWATER_PC,ER.H2O.INTR.PC,Renewable internal freshwater resources per capita,Water Need,LOW,HND,Honduras,2022,3,OK,8664.09680852365,0,2026-07-13,2026-08-20 16:40:34.738
GDP_PC_PPP,NY.GDP.PCAP.PP.CD,"GDP per capita, PPP",Infrastructure & Affordability,LOW,HND,Honduras,2025,0,OK,7871.09129065536,1,2026-07-13,2026-08-20 16:40:34.813
POP_GROWTH,SP.POP.GROW,Population growth,Reach & Growth,HIGH,HND,Honduras,2025,0,OK,1.65037355718421,1,2026-07-13,2026-08-20 16:40:34.978
POP_TOTAL,SP.POP.TOTL,Total population,Reach & Growth,HIGH,HND,Honduras,2025,0,OK,11005850.0,0,2026-07-13,2026-08-20 16:40:35.021
RURAL_POP,SP.RUR.TOTL.ZS,Rural population,Reach & Growth,HIGH,HND,Honduras,2025,0,OK,40.7482924099341,0,2026-07-13,2026-08-20 16:40:34.940
U5_MORTALITY,SH.DYN.MORT,"Mortality rate, under-5",Human Development,HIGH,HND,Honduras,2024,1,OK,15.0,0,2026-07-13,2026-08-20 16:40:34.771
WATER_ACCESS,SH.H2O.SMDW.ZS,People using safely managed drinking water services,Water Need,LOW,HND,Honduras,2024,1,OK,65.5162211788382,0,2026-07-13,2026-08-20 16:40:34.666
EDUCATION,SE.PRM.CMPT.ZS,"Primary completion rate, total",Human Development,LOW,HKG,"Hong Kong SAR, China",2024,1,OK,91.6803149606299,0,2026-07-13,2026-08-20 16:40:35.066
ELECTRICITY,EG.ELC.ACCS.ZS,Access to electricity,Infrastructure & Affordability,LOW,HKG,"Hong Kong SAR, China",2024,1,OK,100.0,1,2026-07-13,2026-08-20 16:40:34.894
GDP_PC_PPP,NY.GDP.PCAP.PP.CD,"GDP per capita, PPP",Infrastructure & Affordability,LOW,HKG,"Hong Kong SAR, China",2025,0,OK,80422.8129947646,1,2026-07-13,2026-08-20 16:40:34.813
POP_GROWTH,SP.POP.GROW,Population growth,Reach & Growth,HIGH,HKG,"Hong Kong SAR, China",2025,0,OK,-0.33548590342358,1,2026-07-13,2026-08-20 16:40:34.978
POP_TOTAL,SP.POP.TOTL,Total population,Reach & Growth,HIGH,HKG,"Hong Kong SAR, China",2025,0,OK,7498900.0,0,2026-07-13,2026-08-20 16:40:35.021
RURAL_POP,SP.RUR.TOTL.ZS,Rural population,Reach & Growth,HIGH,HKG,"Hong Kong SAR, China",2025,0,OK,0.0,0,2026-07-13,2026-08-20 16:40:34.940
WATER_ACCESS,SH.H2O.SMDW.ZS,People using safely managed drinking water services,Water Need,LOW,HKG,"Hong Kong SAR, China",2024,1,OK,100.0,0,2026-07-13,2026-08-20 16:40:34.666
EDUCATION,SE.PRM.CMPT.ZS,"Primary completion rate, total",Human Development,LOW,HUN,Hungary,2024,1,OK,108.878341674805,0,2026-07-13,2026-08-20 16:40:35.066
ELECTRICITY,EG.ELC.ACCS.ZS,Access to electricity,Infrastructure & Affordability,LOW,HUN,Hungary,2024,1,OK,100.0,1,2026-07-13,2026-08-20 16:40:34.894
FRESHWATER_PC,ER.H2O.INTR.PC,Renewable internal freshwater resources per capita,Water Need,LOW,HUN,Hungary,2022,3,OK,624.669835963783,0,2026-07-13,2026-08-20 16:40:34.738
GDP_PC_PPP,NY.GDP.PCAP.PP.CD,"GDP per capita, PPP",Infrastructure & Affordability,LOW,HUN,Hungary,2025,0,OK,49837.6008411067,1,2026-07-13,2026-08-20 16:40:34.813
POP_GROWTH,SP.POP.GROW,Population growth,Reach & Growth,HIGH,HUN,Hungary,2025,0,OK,-0.501292808614035,1,2026-07-13,2026-08-20 16:40:34.978
POP_TOTAL,SP.POP.TOTL,Total population,Reach & Growth,HIGH,HUN,Hungary,2025,0,OK,9514251.0,0,2026-07-13,2026-08-20 16:40:35.021
RURAL_POP,SP.RUR.TOTL.ZS,Rural population,Reach & Growth,HIGH,HUN,Hungary,2025,0,OK,29.3063168213722,0,2026-07-13,2026-08-20 16:40:34.940
U5_MORTALITY,SH.DYN.MORT,"Mortality rate, under-5",Human Development,HIGH,HUN,Hungary,2024,1,OK,3.7,0,2026-07-13,2026-08-20 16:40:34.771
WATER_ACCESS,SH.H2O.SMDW.ZS,People using safely managed drinking water services,Water Need,LOW,HUN,Hungary,2024,1,OK,100.0,0,2026-07-13,2026-08-20 16:40:34.666
EDUCATION,SE.PRM.CMPT.ZS,"Primary completion rate, total",Human Development,LOW,ISL,Iceland,2023,2,OK,98.6200180053711,0,2026-07-13,2026-08-20 16:40:35.066
ELECTRICITY,EG.ELC.ACCS.ZS,Access to electricity,Infrastructure & Affordability,LOW,ISL,Iceland,2024,1,OK,100.0,1,2026-07-13,2026-08-20 16:40:34.894
FRESHWATER_PC,ER.H2O.INTR.PC,Renewable internal freshwater resources per capita,Water Need,LOW,ISL,Iceland,2022,3,OK,445022.683067934,0,2026-07-13,2026-08-20 16:40:34.738
GDP_PC_PPP,NY.GDP.PCAP.PP.CD,"GDP per capita, PPP",Infrastructure & Affordability,LOW,ISL,Iceland,2025,0,OK,83431.2131434311,1,2026-07-13,2026-08-20 16:40:34.813
POP_GROWTH,SP.POP.GROW,Population growth,Reach & Growth,HIGH,ISL,Iceland,2025,0,OK,1.51445294794602,1,2026-07-13,2026-08-20 16:40:34.978
POP_TOTAL,SP.POP.TOTL,Total population,Reach & Growth,HIGH,ISL,Iceland,2025,0,OK,392404.0,0,2026-07-13,2026-08-20 16:40:35.021
RURAL_POP,SP.RUR.TOTL.ZS,Rural population,Reach & Growth,HIGH,ISL,Iceland,2025,0,OK,5.7820679808883,0,2026-07-13,2026-08-20 16:40:34.940
U5_MORTALITY,SH.DYN.MORT,"Mortality rate, under-5",Human Development,HIGH,ISL,Iceland,2024,1,OK,2.8,0,2026-07-13,2026-08-20 16:40:34.771
WATER_ACCESS,SH.H2O.SMDW.ZS,People using safely managed drinking water services,Water Need,LOW,ISL,Iceland,2024,1,OK,100.0,0,2026-07-13,2026-08-20 16:40:34.666
EDUCATION,SE.PRM.CMPT.ZS,"Primary completion rate, total",Human Development,LOW,IND,India,2025,0,OK,90.2563989745259,0,2026-07-13,2026-08-20 16:40:35.066
ELECTRICITY,EG.ELC.ACCS.ZS,Access to electricity,Infrastructure & Affordability,LOW,IND,India,2024,1,OK,99.9,1,2026-07-13,2026-08-20 16:40:34.894
FRESHWATER_PC,ER.H2O.INTR.PC,Renewable internal freshwater resources per capita,Water Need,LOW,IND,India,2022,3,OK,1014.43556399726,0,2026-07-13,2026-08-20 16:40:34.738
GDP_PC_PPP,NY.GDP.PCAP.PP.CD,"GDP per capita, PPP",Infrastructure & Affordability,LOW,IND,India,2025,0,OK,11747.9160436011,1,2026-07-13,2026-08-20 16:40:34.813
POP_GROWTH,SP.POP.GROW,Population growth,Reach & Growth,HIGH,IND,India,2025,0,OK,0.887183543977214,1,2026-07-13,2026-08-20 16:40:34.978
POP_TOTAL,SP.POP.TOTL,Total population,Reach & Growth,HIGH,IND,India,2025,0,OK,1463865525.0,0,2026-07-13,2026-08-20 16:40:35.021
RURAL_POP,SP.RUR.TOTL.ZS,Rural population,Reach & Growth,HIGH,IND,India,2025,0,OK,64.310844227604,0,2026-07-13,2026-08-20 16:40:34.940
U5_MORTALITY,SH.DYN.MORT,"Mortality rate, under-5",Human Development,HIGH,IND,India,2024,1,OK,26.6,0,2026-07-13,2026-08-20 16:40:34.771
WATER_ACCESS,SH.H2O.SMDW.ZS,People using safely managed drinking water services,Water Need,LOW,IND,India,2024,1,OK,76.4421942140842,0,2026-07-13,2026-08-20 16:40:34.666
EDUCATION,SE.PRM.CMPT.ZS,"Primary completion rate, total",Human Development,LOW,IDN,Indonesia,2023,2,OK,99.9521715181012,0,2026-07-13,2026-08-20 16:40:35.066
ELECTRICITY,EG.ELC.ACCS.ZS,Access to electricity,Infrastructure & Affordability,LOW,IDN,Indonesia,2024,1,OK,99.9,1,2026-07-13,2026-08-20 16:40:34.894
FRESHWATER_PC,ER.H2O.INTR.PC,Renewable internal freshwater resources per capita,Water Need,LOW,IDN,Indonesia,2022,3,OK,7239.88154109194,0,2026-07-13,2026-08-20 16:40:34.738
GDP_PC_PPP,NY.GDP.PCAP.PP.CD,"GDP per capita, PPP",Infrastructure & Affordability,LOW,IDN,Indonesia,2025,0,OK,17659.7921291587,1,2026-07-13,2026-08-20 16:40:34.813
POP_GROWTH,SP.POP.GROW,Population growth,Reach & Growth,HIGH,IDN,Indonesia,2025,0,OK,0.784708535785041,1,2026-07-13,2026-08-20 16:40:34.978
POP_TOTAL,SP.POP.TOTL,Total population,Reach & Growth,HIGH,IDN,Indonesia,2025,0,OK,285721236.0,0,2026-07-13,2026-08-20 16:40:35.021
RURAL_POP,SP.RUR.TOTL.ZS,Rural population,Reach & Growth,HIGH,IDN,Indonesia,2025,0,OK,40.6070936030016,0,2026-07-13,2026-08-20 16:40:34.940
U5_MORTALITY,SH.DYN.MORT,"Mortality rate, under-5",Human Development,HIGH,IDN,Indonesia,2024,1,OK,17.7,0,2026-07-13,2026-08-20 16:40:34.771
WATER_ACCESS,SH.H2O.SMDW.ZS,People using safely managed drinking water services,Water Need,LOW,IDN,Indonesia,2024,1,OK,30.4609773643609,0,2026-07-13,2026-08-20 16:40:34.666
EDUCATION,SE.PRM.CMPT.ZS,"Primary completion rate, total",Human Development,LOW,IRN,"Iran, Islamic Rep.",2023,2,OK,97.4371566772461,0,2026-07-13,2026-08-20 16:40:35.066
ELECTRICITY,EG.ELC.ACCS.ZS,Access to electricity,Infrastructure & Affordability,LOW,IRN,"Iran, Islamic Rep.",2024,1,OK,100.0,1,2026-07-13,2026-08-20 16:40:34.894
FRESHWATER_PC,ER.H2O.INTR.PC,Renewable internal freshwater resources per capita,Water Need,LOW,IRN,"Iran, Islamic Rep.",2022,3,OK,1435.365342256,0,2026-07-13,2026-08-20 16:40:34.738
GDP_PC_PPP,NY.GDP.PCAP.PP.CD,"GDP per capita, PPP",Infrastructure & Affordability,LOW,IRN,"Iran, Islamic Rep.",2025,0,OK,19699.2193549189,1,2026-07-13,2026-08-20 16:40:34.813
POP_GROWTH,SP.POP.GROW,Population growth,Reach & Growth,HIGH,IRN,"Iran, Islamic Rep.",2025,0,OK,0.923930875479985,1,2026-07-13,2026-08-20 16:40:34.978
POP_TOTAL,SP.POP.TOTL,Total population,Reach & Growth,HIGH,IRN,"Iran, Islamic Rep.",2025,0,OK,92417681.0,0,2026-07-13,2026-08-20 16:40:35.021
RURAL_POP,SP.RUR.TOTL.ZS,Rural population,Reach & Growth,HIGH,IRN,"Iran, Islamic Rep.",2025,0,OK,22.6238469058249,0,2026-07-13,2026-08-20 16:40:34.940
U5_MORTALITY,SH.DYN.MORT,"Mortality rate, under-5",Human Development,HIGH,IRN,"Iran, Islamic Rep.",2024,1,OK,11.3,0,2026-07-13,2026-08-20 16:40:34.771
WATER_ACCESS,SH.H2O.SMDW.ZS,People using safely managed drinking water services,Water Need,LOW,IRN,"Iran, Islamic Rep.",2024,1,OK,94.4122052108484,0,2026-07-13,2026-08-20 16:40:34.666
ELECTRICITY,EG.ELC.ACCS.ZS,Access to electricity,Infrastructure & Affordability,LOW,IRQ,Iraq,2024,1,OK,100.0,1,2026-07-13,2026-08-20 16:40:34.894
FRESHWATER_PC,ER.H2O.INTR.PC,Renewable internal freshwater resources per capita,Water Need,LOW,IRQ,Iraq,2022,3,OK,798.71930804768,0,2026-07-13,2026-08-20 16:40:34.738
GDP_PC_PPP,NY.GDP.PCAP.PP.CD,"GDP per capita, PPP",Infrastructure & Affordability,LOW,IRQ,Iraq,2025,0,OK,14266.7965348226,1,2026-07-13,2026-08-20 16:40:34.813
POP_GROWTH,SP.POP.GROW,Population growth,Reach & Growth,HIGH,IRQ,Iraq,2025,0,OK,2.10351548706844,1,2026-07-13,2026-08-20 16:40:34.978
POP_TOTAL,SP.POP.TOTL,Total population,Reach & Growth,HIGH,IRQ,Iraq,2025,0,OK,47020774.0,0,2026-07-13,2026-08-20 16:40:35.021
RURAL_POP,SP.RUR.TOTL.ZS,Rural population,Reach & Growth,HIGH,IRQ,Iraq,2025,0,OK,30.0603260531895,0,2026-07-13,2026-08-20 16:40:34.940
U5_MORTALITY,SH.DYN.MORT,"Mortality rate, under-5",Human Development,HIGH,IRQ,Iraq,2024,1,OK,21.8,0,2026-07-13,2026-08-20 16:40:34.771
WATER_ACCESS,SH.H2O.SMDW.ZS,People using safely managed drinking water services,Water Need,LOW,IRQ,Iraq,2024,1,OK,59.8272461307615,0,2026-07-13,2026-08-20 16:40:34.666
EDUCATION,SE.PRM.CMPT.ZS,"Primary completion rate, total",Human Development,LOW,IRL,Ireland,2022,3,OK,93.7389526367188,0,2026-07-13,2026-08-20 16:40:35.066
ELECTRICITY,EG.ELC.ACCS.ZS,Access to electricity,Infrastructure & Affordability,LOW,IRL,Ireland,2024,1,OK,100.0,1,2026-07-13,2026-08-20 16:40:34.894
FRESHWATER_PC,ER.H2O.INTR.PC,Renewable internal freshwater resources per capita,Water Need,LOW,IRL,Ireland,2022,3,OK,9399.87369639099,0,2026-07-13,2026-08-20 16:40:34.738
GDP_PC_PPP,NY.GDP.PCAP.PP.CD,"GDP per capita, PPP",Infrastructure & Affordability,LOW,IRL,Ireland,2025,0,OK,155089.413131749,1,2026-07-13,2026-08-20 16:40:34.813
POP_GROWTH,SP.POP.GROW,Population growth,Reach & Growth,HIGH,IRL,Ireland,2025,0,OK,1.62826615443033,1,2026-07-13,2026-08-20 16:40:34.978
POP_TOTAL,SP.POP.TOTL,Total population,Reach & Growth,HIGH,IRL,Ireland,2025,0,OK,5484367.0,0,2026-07-13,2026-08-20 16:40:35.021
RURAL_POP,SP.RUR.TOTL.ZS,Rural population,Reach & Growth,HIGH,IRL,Ireland,2025,0,OK,35.4124206243832,0,2026-07-13,2026-08-20 16:40:34.940
U5_MORTALITY,SH.DYN.MORT,"Mortality rate, under-5",Human Development,HIGH,IRL,Ireland,2024,1,OK,3.9,0,2026-07-13,2026-08-20 16:40:34.771
WATER_ACCESS,SH.H2O.SMDW.ZS,People using safely managed drinking water services,Water Need,LOW,IRL,Ireland,2024,1,OK,96.1250111631294,0,2026-07-13,2026-08-20 16:40:34.666
ELECTRICITY,EG.ELC.ACCS.ZS,Access to electricity,Infrastructure & Affordability,LOW,IMN,Isle of Man,2024,1,OK,100.0,1,2026-07-13,2026-08-20 16:40:34.894
POP_GROWTH,SP.POP.GROW,Population growth,Reach & Growth,HIGH,IMN,Isle of Man,2025,0,OK,-0.0499173996269448,1,2026-07-13,2026-08-20 16:40:34.978
POP_TOTAL,SP.POP.TOTL,Total population,Reach & Growth,HIGH,IMN,Isle of Man,2025,0,OK,84118.0,0,2026-07-13,2026-08-20 16:40:35.021
RURAL_POP,SP.RUR.TOTL.ZS,Rural population,Reach & Growth,HIGH,IMN,Isle of Man,2025,0,OK,47.8641935989485,0,2026-07-13,2026-08-20 16:40:34.940
WATER_ACCESS,SH.H2O.SMDW.ZS,People using safely managed drinking water services,Water Need,LOW,IMN,Isle of Man,2024,1,OK,99.9105964912281,0,2026-07-13,2026-08-20 16:40:34.666
EDUCATION,SE.PRM.CMPT.ZS,"Primary completion rate, total",Human Development,LOW,ISR,Israel,2024,1,OK,96.9665832519531,0,2026-07-13,2026-08-20 16:40:35.066
ELECTRICITY,EG.ELC.ACCS.ZS,Access to electricity,Infrastructure & Affordability,LOW,ISR,Israel,2024,1,OK,100.0,1,2026-07-13,2026-08-20 16:40:34.894
FRESHWATER_PC,ER.H2O.INTR.PC,Renewable internal freshwater resources per capita,Water Need,LOW,ISR,Israel,2021,4,OK,80.0307318010116,0,2026-07-13,2026-08-20 16:40:34.738
GDP_PC_PPP,NY.GDP.PCAP.PP.CD,"GDP per capita, PPP",Infrastructure & Affordability,LOW,ISR,Israel,2025,0,OK,59716.9735387228,1,2026-07-13,2026-08-20 16:40:34.813
POP_GROWTH,SP.POP.GROW,Population growth,Reach & Growth,HIGH,ISR,Israel,2025,0,OK,1.19852366348133,1,2026-07-13,2026-08-20 16:40:34.978
POP_TOTAL,SP.POP.TOTL,Total population,Reach & Growth,HIGH,ISR,Israel,2025,0,OK,10122800.0,0,2026-07-13,2026-08-20 16:40:35.021
RURAL_POP,SP.RUR.TOTL.ZS,Rural population,Reach & Growth,HIGH,ISR,Israel,2025,0,OK,8.42169391336721,0,2026-07-13,2026-08-20 16:40:34.940
U5_MORTALITY,SH.DYN.MORT,"Mortality rate, under-5",Human Development,HIGH,ISR,Israel,2024,1,OK,3.3,0,2026-07-13,2026-08-20 16:40:34.771
WATER_ACCESS,SH.H2O.SMDW.ZS,People using safely managed drinking water services,Water Need,LOW,ISR,Israel,2024,1,OK,99.4619876940454,0,2026-07-13,2026-08-20 16:40:34.666
EDUCATION,SE.PRM.CMPT.ZS,"Primary completion rate, total",Human Development,LOW,ITA,Italy,2023,2,OK,97.3619613647461,0,2026-07-13,2026-08-20 16:40:35.066
ELECTRICITY,EG.ELC.ACCS.ZS,Access to electricity,Infrastructure & Affordability,LOW,ITA,Italy,2024,1,OK,100.0,1,2026-07-13,2026-08-20 16:40:34.894
FRESHWATER_PC,ER.H2O.INTR.PC,Renewable internal freshwater resources per capita,Water Need,LOW,ITA,Italy,2022,3,OK,3092.50397878173,0,2026-07-13,2026-08-20 16:40:34.738
GDP_PC_PPP,NY.GDP.PCAP.PP.CD,"GDP per capita, PPP",Infrastructure & Affordability,LOW,ITA,Italy,2025,0,OK,62802.5108384276,1,2026-07-13,2026-08-20 16:40:34.813
POP_GROWTH,SP.POP.GROW,Population growth,Reach & Growth,HIGH,ITA,Italy,2025,0,OK,-0.0628633523365352,1,2026-07-13,2026-08-20 16:40:34.978
POP_TOTAL,SP.POP.TOTL,Total population,Reach & Growth,HIGH,ITA,Italy,2025,0,OK,58915656.0,0,2026-07-13,2026-08-20 16:40:35.021
RURAL_POP,SP.RUR.TOTL.ZS,Rural population,Reach & Growth,HIGH,ITA,Italy,2025,0,OK,30.319138198322,0,2026-07-13,2026-08-20 16:40:34.940
U5_MORTALITY,SH.DYN.MORT,"Mortality rate, under-5",Human Development,HIGH,ITA,Italy,2024,1,OK,2.7,0,2026-07-13,2026-08-20 16:40:34.771
WATER_ACCESS,SH.H2O.SMDW.ZS,People using safely managed drinking water services,Water Need,LOW,ITA,Italy,2024,1,OK,96.7584358284994,0,2026-07-13,2026-08-20 16:40:34.666
EDUCATION,SE.PRM.CMPT.ZS,"Primary completion rate, total",Human Development,LOW,JAM,Jamaica,2024,1,OK,83.6359405517578,0,2026-07-13,2026-08-20 16:40:35.066
ELECTRICITY,EG.ELC.ACCS.ZS,Access to electricity,Infrastructure & Affordability,LOW,JAM,Jamaica,2024,1,OK,97.7,1,2026-07-13,2026-08-20 16:40:34.894
FRESHWATER_PC,ER.H2O.INTR.PC,Renewable internal freshwater resources per capita,Water Need,LOW,JAM,Jamaica,2022,3,OK,3812.06448140707,0,2026-07-13,2026-08-20 16:40:34.738
GDP_PC_PPP,NY.GDP.PCAP.PP.CD,"GDP per capita, PPP",Infrastructure & Affordability,LOW,JAM,Jamaica,2025,0,OK,13291.253767787,1,2026-07-13,2026-08-20 16:40:34.813
POP_GROWTH,SP.POP.GROW,Population growth,Reach & Growth,HIGH,JAM,Jamaica,2025,0,OK,-0.0739220209228623,1,2026-07-13,2026-08-20 16:40:34.978
POP_TOTAL,SP.POP.TOTL,Total population,Reach & Growth,HIGH,JAM,Jamaica,2025,0,OK,2837077.0,0,2026-07-13,2026-08-20 16:40:35.021
RURAL_POP,SP.RUR.TOTL.ZS,Rural population,Reach & Growth,HIGH,JAM,Jamaica,2025,0,OK,40.5745948248372,0,2026-07-13,2026-08-20 16:40:34.940
U5_MORTALITY,SH.DYN.MORT,"Mortality rate, under-5",Human Development,HIGH,JAM,Jamaica,2024,1,OK,17.8,0,2026-07-13,2026-08-20 16:40:34.771
ELECTRICITY,EG.ELC.ACCS.ZS,Access to electricity,Infrastructure & Affordability,LOW,JPN,Japan,2024,1,OK,100.0,1,2026-07-13,2026-08-20 16:40:34.894
FRESHWATER_PC,ER.H2O.INTR.PC,Renewable internal freshwater resources per capita,Water Need,LOW,JPN,Japan,2022,3,OK,3436.56373867893,0,2026-07-13,2026-08-20 16:40:34.738
GDP_PC_PPP,NY.GDP.PCAP.PP.CD,"GDP per capita, PPP",Infrastructure & Affordability,LOW,JPN,Japan,2025,0,OK,55421.8797530311,1,2026-07-13,2026-08-20 16:40:34.813
POP_GROWTH,SP.POP.GROW,Population growth,Reach & Growth,HIGH,JPN,Japan,2025,0,OK,-0.492142838725375,1,2026-07-13,2026-08-20 16:40:34.978
POP_TOTAL,SP.POP.TOTL,Total population,Reach & Growth,HIGH,JPN,Japan,2025,0,OK,123366734.0,0,2026-07-13,2026-08-20 16:40:35.021
RURAL_POP,SP.RUR.TOTL.ZS,Rural population,Reach & Growth,HIGH,JPN,Japan,2025,0,OK,7.6998550579214,0,2026-07-13,2026-08-20 16:40:34.940
U5_MORTALITY,SH.DYN.MORT,"Mortality rate, under-5",Human Development,HIGH,JPN,Japan,2024,1,OK,2.4,0,2026-07-13,2026-08-20 16:40:34.771
WATER_ACCESS,SH.H2O.SMDW.ZS,People using safely managed drinking water services,Water Need,LOW,JPN,Japan,2024,1,OK,98.7270242077337,0,2026-07-13,2026-08-20 16:40:34.666
EDUCATION,SE.PRM.CMPT.ZS,"Primary completion rate, total",Human Development,LOW,JOR,Jordan,2024,1,OK,97.0489098281018,0,2026-07-13,2026-08-20 16:40:35.066
ELECTRICITY,EG.ELC.ACCS.ZS,Access to electricity,Infrastructure & Affordability,LOW,JOR,Jordan,2024,1,OK,100.0,1,2026-07-13,2026-08-20 16:40:34.894
FRESHWATER_PC,ER.H2O.INTR.PC,Renewable internal freshwater resources per capita,Water Need,LOW,JOR,Jordan,2022,3,OK,60.5884919355562,0,2026-07-13,2026-08-20 16:40:34.738
GDP_PC_PPP,NY.GDP.PCAP.PP.CD,"GDP per capita, PPP",Infrastructure & Affordability,LOW,JOR,Jordan,2025,0,OK,12631.6299394746,1,2026-07-13,2026-08-20 16:40:34.813
POP_GROWTH,SP.POP.GROW,Population growth,Reach & Growth,HIGH,JOR,Jordan,2025,0,OK,-0.279038179525473,1,2026-07-13,2026-08-20 16:40:34.978
POP_TOTAL,SP.POP.TOTL,Total population,Reach & Growth,HIGH,JOR,Jordan,2025,0,OK,11520684.0,0,2026-07-13,2026-08-20 16:40:35.021
RURAL_POP,SP.RUR.TOTL.ZS,Rural population,Reach & Growth,HIGH,JOR,Jordan,2025,0,OK,6.7914849880449,0,2026-07-13,2026-08-20 16:40:34.940
U5_MORTALITY,SH.DYN.MORT,"Mortality rate, under-5",Human Development,HIGH,JOR,Jordan,2024,1,OK,12.9,0,2026-07-13,2026-08-20 16:40:34.771
WATER_ACCESS,SH.H2O.SMDW.ZS,People using safely managed drinking water services,Water Need,LOW,JOR,Jordan,2024,1,OK,88.9502985282712,0,2026-07-13,2026-08-20 16:40:34.666
EDUCATION,SE.PRM.CMPT.ZS,"Primary completion rate, total",Human Development,LOW,KAZ,Kazakhstan,2025,0,OK,98.0850637477144,0,2026-07-13,2026-08-20 16:40:35.066
ELECTRICITY,EG.ELC.ACCS.ZS,Access to electricity,Infrastructure & Affordability,LOW,KAZ,Kazakhstan,2024,1,OK,100.0,1,2026-07-13,2026-08-20 16:40:34.894
FRESHWATER_PC,ER.H2O.INTR.PC,Renewable internal freshwater resources per capita,Water Need,LOW,KAZ,Kazakhstan,2022,3,OK,3211.94189514754,0,2026-07-13,2026-08-20 16:40:34.738
GDP_PC_PPP,NY.GDP.PCAP.PP.CD,"GDP per capita, PPP",Infrastructure & Affordability,LOW,KAZ,Kazakhstan,2025,0,OK,44293.4839632441,1,2026-07-13,2026-08-20 16:40:34.813
POP_GROWTH,SP.POP.GROW,Population growth,Reach & Growth,HIGH,KAZ,Kazakhstan,2025,0,OK,1.21239553353742,1,2026-07-13,2026-08-20 16:40:34.978
POP_TOTAL,SP.POP.TOTL,Total population,Reach & Growth,HIGH,KAZ,Kazakhstan,2025,0,OK,20843754.0,0,2026-07-13,2026-08-20 16:40:35.021
RURAL_POP,SP.RUR.TOTL.ZS,Rural population,Reach & Growth,HIGH,KAZ,Kazakhstan,2025,0,OK,37.6144430492013,0,2026-07-13,2026-08-20 16:40:34.940
U5_MORTALITY,SH.DYN.MORT,"Mortality rate, under-5",Human Development,HIGH,KAZ,Kazakhstan,2024,1,OK,9.4,0,2026-07-13,2026-08-20 16:40:34.771
WATER_ACCESS,SH.H2O.SMDW.ZS,People using safely managed drinking water services,Water Need,LOW,KAZ,Kazakhstan,2024,1,OK,91.5454182335736,0,2026-07-13,2026-08-20 16:40:34.666
ELECTRICITY,EG.ELC.ACCS.ZS,Access to electricity,Infrastructure & Affordability,LOW,KEN,Kenya,2024,1,OK,77.0,1,2026-07-13,2026-08-20 16:40:34.894
FRESHWATER_PC,ER.H2O.INTR.PC,Renewable internal freshwater resources per capita,Water Need,LOW,KEN,Kenya,2022,3,OK,381.549511643352,0,2026-07-13,2026-08-20 16:40:34.738
GDP_PC_PPP,NY.GDP.PCAP.PP.CD,"GDP per capita, PPP",Infrastructure & Affordability,LOW,KEN,Kenya,2025,0,OK,7015.93578839722,1,2026-07-13,2026-08-20 16:40:34.813
POP_GROWTH,SP.POP.GROW,Population growth,Reach & Growth,HIGH,KEN,Kenya,2025,0,OK,1.92967823977399,1,2026-07-13,2026-08-20 16:40:34.978
POP_TOTAL,SP.POP.TOTL,Total population,Reach & Growth,HIGH,KEN,Kenya,2025,0,OK,57532493.0,0,2026-07-13,2026-08-20 16:40:35.021
RURAL_POP,SP.RUR.TOTL.ZS,Rural population,Reach & Growth,HIGH,KEN,Kenya,2025,0,OK,67.7878807128255,0,2026-07-13,2026-08-20 16:40:34.940
U5_MORTALITY,SH.DYN.MORT,"Mortality rate, under-5",Human Development,HIGH,KEN,Kenya,2024,1,OK,38.8,0,2026-07-13,2026-08-20 16:40:34.771
EDUCATION,SE.PRM.CMPT.ZS,"Primary completion rate, total",Human Development,LOW,KIR,Kiribati,2024,1,OK,92.8147659854977,0,2026-07-13,2026-08-20 16:40:35.066
ELECTRICITY,EG.ELC.ACCS.ZS,Access to electricity,Infrastructure & Affordability,LOW,KIR,Kiribati,2024,1,OK,97.7,1,2026-07-13,2026-08-20 16:40:34.894
GDP_PC_PPP,NY.GDP.PCAP.PP.CD,"GDP per capita, PPP",Infrastructure & Affordability,LOW,KIR,Kiribati,2025,0,OK,3936.61263730517,1,2026-07-13,2026-08-20 16:40:34.813
POP_GROWTH,SP.POP.GROW,Population growth,Reach & Growth,HIGH,KIR,Kiribati,2025,0,OK,1.45386795887331,1,2026-07-13,2026-08-20 16:40:34.978
POP_TOTAL,SP.POP.TOTL,Total population,Reach & Growth,HIGH,KIR,Kiribati,2025,0,OK,136488.0,0,2026-07-13,2026-08-20 16:40:35.021
RURAL_POP,SP.RUR.TOTL.ZS,Rural population,Reach & Growth,HIGH,KIR,Kiribati,2025,0,OK,36.6149142217129,0,2026-07-13,2026-08-20 16:40:34.940
U5_MORTALITY,SH.DYN.MORT,"Mortality rate, under-5",Human Development,HIGH,KIR,Kiribati,2024,1,OK,53.1,0,2026-07-13,2026-08-20 16:40:34.771
WATER_ACCESS,SH.H2O.SMDW.ZS,People using safely managed drinking water services,Water Need,LOW,KIR,Kiribati,2024,1,OK,15.0879416013618,0,2026-07-13,2026-08-20 16:40:34.666
ELECTRICITY,EG.ELC.ACCS.ZS,Access to electricity,Infrastructure & Affordability,LOW,PRK,"Korea, Dem. People's Rep.",2024,1,OK,61.4,1,2026-07-13,2026-08-20 16:40:34.894
FRESHWATER_PC,ER.H2O.INTR.PC,Renewable internal freshwater resources per capita,Water Need,LOW,PRK,"Korea, Dem. People's Rep.",2022,3,OK,2544.73753026386,0,2026-07-13,2026-08-20 16:40:34.738
POP_GROWTH,SP.POP.GROW,Population growth,Reach & Growth,HIGH,PRK,"Korea, Dem. People's Rep.",2025,0,OK,0.272143344374275,1,2026-07-13,2026-08-20 16:40:34.978
POP_TOTAL,SP.POP.TOTL,Total population,Reach & Growth,HIGH,PRK,"Korea, Dem. People's Rep.",2025,0,OK,26571036.0,0,2026-07-13,2026-08-20 16:40:35.021
RURAL_POP,SP.RUR.TOTL.ZS,Rural population,Reach & Growth,HIGH,PRK,"Korea, Dem. People's Rep.",2025,0,OK,35.8102141688742,0,2026-07-13,2026-08-20 16:40:34.940
U5_MORTALITY,SH.DYN.MORT,"Mortality rate, under-5",Human Development,HIGH,PRK,"Korea, Dem. People's Rep.",2024,1,OK,16.7,0,2026-07-13,2026-08-20 16:40:34.771
WATER_ACCESS,SH.H2O.SMDW.ZS,People using safely managed drinking water services,Water Need,LOW,PRK,"Korea, Dem. People's Rep.",2023,2,OK,66.6121349621259,0,2026-07-13,2026-08-20 16:40:34.666
EDUCATION,SE.PRM.CMPT.ZS,"Primary completion rate, total",Human Development,LOW,KOR,"Korea, Rep.",2024,1,OK,102.850738525391,0,2026-07-13,2026-08-20 16:40:35.066
ELECTRICITY,EG.ELC.ACCS.ZS,Access to electricity,Infrastructure & Affordability,LOW,KOR,"Korea, Rep.",2024,1,OK,100.0,1,2026-07-13,2026-08-20 16:40:34.894
FRESHWATER_PC,ER.H2O.INTR.PC,Renewable internal freshwater resources per capita,Water Need,LOW,KOR,"Korea, Rep.",2022,3,OK,1255.01791869493,0,2026-07-13,2026-08-20 16:40:34.738
GDP_PC_PPP,NY.GDP.PCAP.PP.CD,"GDP per capita, PPP",Infrastructure & Affordability,LOW,KOR,"Korea, Rep.",2025,0,OK,63124.9152183625,1,2026-07-13,2026-08-20 16:40:34.813
POP_GROWTH,SP.POP.GROW,Population growth,Reach & Growth,HIGH,KOR,"Korea, Rep.",2025,0,OK,-0.128584337535563,1,2026-07-13,2026-08-20 16:40:34.978
POP_TOTAL,SP.POP.TOTL,Total population,Reach & Growth,HIGH,KOR,"Korea, Rep.",2025,0,OK,51684564.0,0,2026-07-13,2026-08-20 16:40:35.021
RURAL_POP,SP.RUR.TOTL.ZS,Rural population,Reach & Growth,HIGH,KOR,"Korea, Rep.",2025,0,OK,18.8259736693326,0,2026-07-13,2026-08-20 16:40:34.940
U5_MORTALITY,SH.DYN.MORT,"Mortality rate, under-5",Human Development,HIGH,KOR,"Korea, Rep.",2024,1,OK,2.8,0,2026-07-13,2026-08-20 16:40:34.771
WATER_ACCESS,SH.H2O.SMDW.ZS,People using safely managed drinking water services,Water Need,LOW,KOR,"Korea, Rep.",2024,1,OK,99.2826694575636,0,2026-07-13,2026-08-20 16:40:34.666
GDP_PC_PPP,NY.GDP.PCAP.PP.CD,"GDP per capita, PPP",Infrastructure & Affordability,LOW,XKX,Kosovo,2025,0,OK,19263.3268800963,1,2026-07-13,2026-08-20 16:40:34.813
POP_GROWTH,SP.POP.GROW,Population growth,Reach & Growth,HIGH,XKX,Kosovo,2025,0,OK,-1.10223367296906,1,2026-07-13,2026-08-20 16:40:34.978
POP_TOTAL,SP.POP.TOTL,Total population,Reach & Growth,HIGH,XKX,Kosovo,2025,0,OK,1576876.0,0,2026-07-13,2026-08-20 16:40:35.021
RURAL_POP,SP.RUR.TOTL.ZS,Rural population,Reach & Growth,HIGH,XKX,Kosovo,2025,0,OK,49.0739028349602,0,2026-07-13,2026-08-20 16:40:34.940
U5_MORTALITY,SH.DYN.MORT,"Mortality rate, under-5",Human Development,HIGH,XKX,Kosovo,2024,1,OK,8.7,0,2026-07-13,2026-08-20 16:40:34.771
EDUCATION,SE.PRM.CMPT.ZS,"Primary completion rate, total",Human Development,LOW,KWT,Kuwait,2021,4,OK,80.4330430689574,0,2026-07-13,2026-08-20 16:40:35.066
ELECTRICITY,EG.ELC.ACCS.ZS,Access to electricity,Infrastructure & Affordability,LOW,KWT,Kuwait,2024,1,OK,100.0,1,2026-07-13,2026-08-20 16:40:34.894
FRESHWATER_PC,ER.H2O.INTR.PC,Renewable internal freshwater resources per capita,Water Need,LOW,KWT,Kuwait,2022,3,OK,0.0,0,2026-07-13,2026-08-20 16:40:34.738
GDP_PC_PPP,NY.GDP.PCAP.PP.CD,"GDP per capita, PPP",Infrastructure & Affordability,LOW,KWT,Kuwait,2025,0,OK,56467.7272075432,1,2026-07-13,2026-08-20 16:40:34.813
POP_GROWTH,SP.POP.GROW,Population growth,Reach & Growth,HIGH,KWT,Kuwait,2025,0,OK,-0.654851001278566,1,2026-07-13,2026-08-20 16:40:34.978
POP_TOTAL,SP.POP.TOTL,Total population,Reach & Growth,HIGH,KWT,Kuwait,2025,0,OK,4865298.0,0,2026-07-13,2026-08-20 16:40:35.021
RURAL_POP,SP.RUR.TOTL.ZS,Rural population,Reach & Growth,HIGH,KWT,Kuwait,2025,0,OK,0.0,0,2026-07-13,2026-08-20 16:40:34.940
U5_MORTALITY,SH.DYN.MORT,"Mortality rate, under-5",Human Development,HIGH,KWT,Kuwait,2024,1,OK,8.1,0,2026-07-13,2026-08-20 16:40:34.771
WATER_ACCESS,SH.H2O.SMDW.ZS,People using safely managed drinking water services,Water Need,LOW,KWT,Kuwait,2024,1,OK,100.0,0,2026-07-13,2026-08-20 16:40:34.666
EDUCATION,SE.PRM.CMPT.ZS,"Primary completion rate, total",Human Development,LOW,KGZ,Kyrgyz Republic,2025,0,OK,95.3120817772793,0,2026-07-13,2026-08-20 16:40:35.066
ELECTRICITY,EG.ELC.ACCS.ZS,Access to electricity,Infrastructure & Affordability,LOW,KGZ,Kyrgyz Republic,2024,1,OK,100.0,1,2026-07-13,2026-08-20 16:40:34.894
FRESHWATER_PC,ER.H2O.INTR.PC,Renewable internal freshwater resources per capita,Water Need,LOW,KGZ,Kyrgyz Republic,2022,3,OK,7014.83250707505,0,2026-07-13,2026-08-20 16:40:34.738
GDP_PC_PPP,NY.GDP.PCAP.PP.CD,"GDP per capita, PPP",Infrastructure & Affordability,LOW,KGZ,Kyrgyz Republic,2025,0,OK,9219.51443675205,1,2026-07-13,2026-08-20 16:40:34.813
POP_GROWTH,SP.POP.GROW,Population growth,Reach & Growth,HIGH,KGZ,Kyrgyz Republic,2025,0,OK,1.66425490124613,1,2026-07-13,2026-08-20 16:40:34.978
POP_TOTAL,SP.POP.TOTL,Total population,Reach & Growth,HIGH,KGZ,Kyrgyz Republic,2025,0,OK,7343064.0,0,2026-07-13,2026-08-20 16:40:35.021
RURAL_POP,SP.RUR.TOTL.ZS,Rural population,Reach & Growth,HIGH,KGZ,Kyrgyz Republic,2025,0,OK,65.2536462738943,0,2026-07-13,2026-08-20 16:40:34.940
U5_MORTALITY,SH.DYN.MORT,"Mortality rate, under-5",Human Development,HIGH,KGZ,Kyrgyz Republic,2024,1,OK,16.8,0,2026-07-13,2026-08-20 16:40:34.771
WATER_ACCESS,SH.H2O.SMDW.ZS,People using safely managed drinking water services,Water Need,LOW,KGZ,Kyrgyz Republic,2024,1,OK,73.8812993002318,0,2026-07-13,2026-08-20 16:40:34.666
EDUCATION,SE.PRM.CMPT.ZS,"Primary completion rate, total",Human Development,LOW,LAO,Lao PDR,2025,0,OK,85.2487998761162,0,2026-07-13,2026-08-20 16:40:35.066
ELECTRICITY,EG.ELC.ACCS.ZS,Access to electricity,Infrastructure & Affordability,LOW,LAO,Lao PDR,2024,1,OK,96.5,1,2026-07-13,2026-08-20 16:40:34.894
FRESHWATER_PC,ER.H2O.INTR.PC,Renewable internal freshwater resources per capita,Water Need,LOW,LAO,Lao PDR,2022,3,OK,25188.4936738384,0,2026-07-13,2026-08-20 16:40:34.738
GDP_PC_PPP,NY.GDP.PCAP.PP.CD,"GDP per capita, PPP",Infrastructure & Affordability,LOW,LAO,Lao PDR,2025,0,OK,10382.9990718948,1,2026-07-13,2026-08-20 16:40:34.813
POP_GROWTH,SP.POP.GROW,Population growth,Reach & Growth,HIGH,LAO,Lao PDR,2025,0,OK,1.31981575540414,1,2026-07-13,2026-08-20 16:40:34.978
POP_TOTAL,SP.POP.TOTL,Total population,Reach & Growth,HIGH,LAO,Lao PDR,2025,0,OK,7873046.0,0,2026-07-13,2026-08-20 16:40:35.021
RURAL_POP,SP.RUR.TOTL.ZS,Rural population,Reach & Growth,HIGH,LAO,Lao PDR,2025,0,OK,59.6870164959299,0,2026-07-13,2026-08-20 16:40:34.940
U5_MORTALITY,SH.DYN.MORT,"Mortality rate, under-5",Human Development,HIGH,LAO,Lao PDR,2024,1,OK,29.4,0,2026-07-13,2026-08-20 16:40:34.771
WATER_ACCESS,SH.H2O.SMDW.ZS,People using safely managed drinking water services,Water Need,LOW,LAO,Lao PDR,2024,1,OK,35.1877230763634,0,2026-07-13,2026-08-20 16:40:34.666
EDUCATION,SE.PRM.CMPT.ZS,"Primary completion rate, total",Human Development,LOW,LVA,Latvia,2024,1,OK,98.0544662475586,0,2026-07-13,2026-08-20 16:40:35.066
ELECTRICITY,EG.ELC.ACCS.ZS,Access to electricity,Infrastructure & Affordability,LOW,LVA,Latvia,2024,1,OK,100.0,1,2026-07-13,2026-08-20 16:40:34.894
FRESHWATER_PC,ER.H2O.INTR.PC,Renewable internal freshwater resources per capita,Water Need,LOW,LVA,Latvia,2022,3,OK,9013.59648352678,0,2026-07-13,2026-08-20 16:40:34.738
GDP_PC_PPP,NY.GDP.PCAP.PP.CD,"GDP per capita, PPP",Infrastructure & Affordability,LOW,LVA,Latvia,2025,0,OK,46136.689377286,1,2026-07-13,2026-08-20 16:40:34.813
POP_GROWTH,SP.POP.GROW,Population growth,Reach & Growth,HIGH,LVA,Latvia,2025,0,OK,-0.987592806179397,1,2026-07-13,2026-08-20 16:40:34.978
POP_TOTAL,SP.POP.TOTL,Total population,Reach & Growth,HIGH,LVA,Latvia,2025,0,OK,1847785.0,0,2026-07-13,2026-08-20 16:40:35.021
RURAL_POP,SP.RUR.TOTL.ZS,Rural population,Reach & Growth,HIGH,LVA,Latvia,2025,0,OK,31.3674280246483,0,2026-07-13,2026-08-20 16:40:34.940
U5_MORTALITY,SH.DYN.MORT,"Mortality rate, under-5",Human Development,HIGH,LVA,Latvia,2024,1,OK,2.5,0,2026-07-13,2026-08-20 16:40:34.771
WATER_ACCESS,SH.H2O.SMDW.ZS,People using safely managed drinking water services,Water Need,LOW,LVA,Latvia,2024,1,OK,97.0114068663046,0,2026-07-13,2026-08-20 16:40:34.666
EDUCATION,SE.PRM.CMPT.ZS,"Primary completion rate, total",Human Development,LOW,LBN,Lebanon,2023,2,OK,67.2665475619853,0,2026-07-13,2026-08-20 16:40:35.066
ELECTRICITY,EG.ELC.ACCS.ZS,Access to electricity,Infrastructure & Affordability,LOW,LBN,Lebanon,2024,1,OK,100.0,1,2026-07-13,2026-08-20 16:40:34.894
FRESHWATER_PC,ER.H2O.INTR.PC,Renewable internal freshwater resources per capita,Water Need,LOW,LBN,Lebanon,2022,3,OK,835.583460948398,0,2026-07-13,2026-08-20 16:40:34.738
GDP_PC_PPP,NY.GDP.PCAP.PP.CD,"GDP per capita, PPP",Infrastructure & Affordability,LOW,LBN,Lebanon,2024,1,OK,11917.4502960889,1,2026-07-13,2026-08-20 16:40:34.813
POP_GROWTH,SP.POP.GROW,Population growth,Reach & Growth,HIGH,LBN,Lebanon,2025,0,OK,0.745736135898232,1,2026-07-13,2026-08-20 16:40:34.978
POP_TOTAL,SP.POP.TOTL,Total population,Reach & Growth,HIGH,LBN,Lebanon,2025,0,OK,5849421.0,0,2026-07-13,2026-08-20 16:40:35.021
RURAL_POP,SP.RUR.TOTL.ZS,Rural population,Reach & Growth,HIGH,LBN,Lebanon,2025,0,OK,9.0397685736956,0,2026-07-13,2026-08-20 16:40:34.940
U5_MORTALITY,SH.DYN.MORT,"Mortality rate, under-5",Human Development,HIGH,LBN,Lebanon,2024,1,OK,17.6,0,2026-07-13,2026-08-20 16:40:34.771
WATER_ACCESS,SH.H2O.SMDW.ZS,People using safely managed drinking water services,Water Need,LOW,LBN,Lebanon,2024,1,OK,47.7,0,2026-07-13,2026-08-20 16:40:34.666
EDUCATION,SE.PRM.CMPT.ZS,"Primary completion rate, total",Human Development,LOW,LSO,Lesotho,2023,2,OK,66.9579010009766,0,2026-07-13,2026-08-20 16:40:35.066
ELECTRICITY,EG.ELC.ACCS.ZS,Access to electricity,Infrastructure & Affordability,LOW,LSO,Lesotho,2024,1,OK,60.6,1,2026-07-13,2026-08-20 16:40:34.894
FRESHWATER_PC,ER.H2O.INTR.PC,Renewable internal freshwater resources per capita,Water Need,LOW,LSO,Lesotho,2022,3,OK,2287.72893692779,0,2026-07-13,2026-08-20 16:40:34.738
GDP_PC_PPP,NY.GDP.PCAP.PP.CD,"GDP per capita, PPP",Infrastructure & Affordability,LOW,LSO,Lesotho,2025,0,OK,3184.11725194709,1,2026-07-13,2026-08-20 16:40:34.813
POP_GROWTH,SP.POP.GROW,Population growth,Reach & Growth,HIGH,LSO,Lesotho,2025,0,OK,1.1020485314959,1,2026-07-13,2026-08-20 16:40:34.978
POP_TOTAL,SP.POP.TOTL,Total population,Reach & Growth,HIGH,LSO,Lesotho,2025,0,OK,2363325.0,0,2026-07-13,2026-08-20 16:40:35.021
RURAL_POP,SP.RUR.TOTL.ZS,Rural population,Reach & Growth,HIGH,LSO,Lesotho,2025,0,OK,55.3304144182891,0,2026-07-13,2026-08-20 16:40:34.940
U5_MORTALITY,SH.DYN.MORT,"Mortality rate, under-5",Human Development,HIGH,LSO,Lesotho,2024,1,OK,60.0,0,2026-07-13,2026-08-20 16:40:34.771
WATER_ACCESS,SH.H2O.SMDW.ZS,People using safely managed drinking water services,Water Need,LOW,LSO,Lesotho,2024,1,OK,31.320241708541,0,2026-07-13,2026-08-20 16:40:34.666
EDUCATION,SE.PRM.CMPT.ZS,"Primary completion rate, total",Human Development,LOW,LBR,Liberia,2022,3,OK,57.8457350008007,0,2026-07-13,2026-08-20 16:40:35.066
ELECTRICITY,EG.ELC.ACCS.ZS,Access to electricity,Infrastructure & Affordability,LOW,LBR,Liberia,2024,1,OK,34.9,1,2026-07-13,2026-08-20 16:40:34.894
FRESHWATER_PC,ER.H2O.INTR.PC,Renewable internal freshwater resources per capita,Water Need,LOW,LBR,Liberia,2022,3,OK,37221.1161347211,0,2026-07-13,2026-08-20 16:40:34.738
GDP_PC_PPP,NY.GDP.PCAP.PP.CD,"GDP per capita, PPP",Infrastructure & Affordability,LOW,LBR,Liberia,2025,0,OK,1981.09483342188,1,2026-07-13,2026-08-20 16:40:34.813
POP_GROWTH,SP.POP.GROW,Population growth,Reach & Growth,HIGH,LBR,Liberia,2025,0,OK,2.08732472424606,1,2026-07-13,2026-08-20 16:40:34.978
POP_TOTAL,SP.POP.TOTL,Total population,Reach & Growth,HIGH,LBR,Liberia,2025,0,OK,5731206.0,0,2026-07-13,2026-08-20 16:40:35.021
RURAL_POP,SP.RUR.TOTL.ZS,Rural population,Reach & Growth,HIGH,LBR,Liberia,2025,0,OK,43.9180252840662,0,2026-07-13,2026-08-20 16:40:34.940
U5_MORTALITY,SH.DYN.MORT,"Mortality rate, under-5",Human Development,HIGH,LBR,Liberia,2024,1,OK,86.4,0,2026-07-13,2026-08-20 16:40:34.771
ELECTRICITY,EG.ELC.ACCS.ZS,Access to electricity,Infrastructure & Affordability,LOW,LBY,Libya,2024,1,OK,77.4,1,2026-07-13,2026-08-20 16:40:34.894
FRESHWATER_PC,ER.H2O.INTR.PC,Renewable internal freshwater resources per capita,Water Need,LOW,LBY,Libya,2022,3,OK,96.9018405120293,0,2026-07-13,2026-08-20 16:40:34.738
GDP_PC_PPP,NY.GDP.PCAP.PP.CD,"GDP per capita, PPP",Infrastructure & Affordability,LOW,LBY,Libya,2025,0,OK,16521.3998152838,1,2026-07-13,2026-08-20 16:40:34.813
POP_GROWTH,SP.POP.GROW,Population growth,Reach & Growth,HIGH,LBY,Libya,2025,0,OK,1.04494488295615,1,2026-07-13,2026-08-20 16:40:34.978
POP_TOTAL,SP.POP.TOTL,Total population,Reach & Growth,HIGH,LBY,Libya,2025,0,OK,7458555.0,0,2026-07-13,2026-08-20 16:40:35.021
RURAL_POP,SP.RUR.TOTL.ZS,Rural population,Reach & Growth,HIGH,LBY,Libya,2025,0,OK,12.0887586984779,0,2026-07-13,2026-08-20 16:40:34.940
U5_MORTALITY,SH.DYN.MORT,"Mortality rate, under-5",Human Development,HIGH,LBY,Libya,2024,1,OK,9.8,0,2026-07-13,2026-08-20 16:40:34.771
EDUCATION,SE.PRM.CMPT.ZS,"Primary completion rate, total",Human Development,LOW,LIE,Liechtenstein,2021,4,OK,88.9411773681641,0,2026-07-13,2026-08-20 16:40:35.066
ELECTRICITY,EG.ELC.ACCS.ZS,Access to electricity,Infrastructure & Affordability,LOW,LIE,Liechtenstein,2024,1,OK,100.0,1,2026-07-13,2026-08-20 16:40:34.894
POP_GROWTH,SP.POP.GROW,Population growth,Reach & Growth,HIGH,LIE,Liechtenstein,2025,0,OK,1.4090617793704,1,2026-07-13,2026-08-20 16:40:34.978
POP_TOTAL,SP.POP.TOTL,Total population,Reach & Growth,HIGH,LIE,Liechtenstein,2025,0,OK,41024.0,0,2026-07-13,2026-08-20 16:40:35.021
RURAL_POP,SP.RUR.TOTL.ZS,Rural population,Reach & Growth,HIGH,LIE,Liechtenstein,2025,0,OK,85.3701001006707,0,2026-07-13,2026-08-20 16:40:34.940
WATER_ACCESS,SH.H2O.SMDW.ZS,People using safely managed drinking water services,Water Need,LOW,LIE,Liechtenstein,2024,1,OK,100.0,0,2026-07-13,2026-08-20 16:40:34.666
EDUCATION,SE.PRM.CMPT.ZS,"Primary completion rate, total",Human Development,LOW,LTU,Lithuania,2024,1,OK,100.120719909668,0,2026-07-13,2026-08-20 16:40:35.066
ELECTRICITY,EG.ELC.ACCS.ZS,Access to electricity,Infrastructure & Affordability,LOW,LTU,Lithuania,2024,1,OK,100.0,1,2026-07-13,2026-08-20 16:40:34.894
FRESHWATER_PC,ER.H2O.INTR.PC,Renewable internal freshwater resources per capita,Water Need,LOW,LTU,Lithuania,2022,3,OK,5459.73551007032,0,2026-07-13,2026-08-20 16:40:34.738
GDP_PC_PPP,NY.GDP.PCAP.PP.CD,"GDP per capita, PPP",Infrastructure & Affordability,LOW,LTU,Lithuania,2025,0,OK,56837.8067003598,1,2026-07-13,2026-08-20 16:40:34.813
POP_GROWTH,SP.POP.GROW,Population growth,Reach & Growth,HIGH,LTU,Lithuania,2025,0,OK,0.0171713878019065,1,2026-07-13,2026-08-20 16:40:34.978
POP_TOTAL,SP.POP.TOTL,Total population,Reach & Growth,HIGH,LTU,Lithuania,2025,0,OK,2888774.0,0,2026-07-13,2026-08-20 16:40:35.021
RURAL_POP,SP.RUR.TOTL.ZS,Rural population,Reach & Growth,HIGH,LTU,Lithuania,2025,0,OK,30.9183618647236,0,2026-07-13,2026-08-20 16:40:34.940
U5_MORTALITY,SH.DYN.MORT,"Mortality rate, under-5",Human Development,HIGH,LTU,Lithuania,2024,1,OK,3.4,0,2026-07-13,2026-08-20 16:40:34.771
WATER_ACCESS,SH.H2O.SMDW.ZS,People using safely managed drinking water services,Water Need,LOW,LTU,Lithuania,2024,1,OK,96.7335742559147,0,2026-07-13,2026-08-20 16:40:34.666
EDUCATION,SE.PRM.CMPT.ZS,"Primary completion rate, total",Human Development,LOW,LUX,Luxembourg,2024,1,OK,76.5366973876953,0,2026-07-13,2026-08-20 16:40:35.066
ELECTRICITY,EG.ELC.ACCS.ZS,Access to electricity,Infrastructure & Affordability,LOW,LUX,Luxembourg,2024,1,OK,100.0,1,2026-07-13,2026-08-20 16:40:34.894
FRESHWATER_PC,ER.H2O.INTR.PC,Renewable internal freshwater resources per capita,Water Need,LOW,LUX,Luxembourg,2022,3,OK,1531.15205411704,0,2026-07-13,2026-08-20 16:40:34.738
GDP_PC_PPP,NY.GDP.PCAP.PP.CD,"GDP per capita, PPP",Infrastructure & Affordability,LOW,LUX,Luxembourg,2025,0,OK,156542.075847247,1,2026-07-13,2026-08-20 16:40:34.813
POP_GROWTH,SP.POP.GROW,Population growth,Reach & Growth,HIGH,LUX,Luxembourg,2025,0,OK,1.46016251329208,1,2026-07-13,2026-08-20 16:40:34.978
POP_TOTAL,SP.POP.TOTL,Total population,Reach & Growth,HIGH,LUX,Luxembourg,2025,0,OK,686970.0,0,2026-07-13,2026-08-20 16:40:35.021
RURAL_POP,SP.RUR.TOTL.ZS,Rural population,Reach & Growth,HIGH,LUX,Luxembourg,2025,0,OK,5.1158270401413,0,2026-07-13,2026-08-20 16:40:34.940
U5_MORTALITY,SH.DYN.MORT,"Mortality rate, under-5",Human Development,HIGH,LUX,Luxembourg,2024,1,OK,2.2,0,2026-07-13,2026-08-20 16:40:34.771
WATER_ACCESS,SH.H2O.SMDW.ZS,People using safely managed drinking water services,Water Need,LOW,LUX,Luxembourg,2024,1,OK,99.6530550152333,0,2026-07-13,2026-08-20 16:40:34.666
EDUCATION,SE.PRM.CMPT.ZS,"Primary completion rate, total",Human Development,LOW,MAC,"Macao SAR, China",2024,1,OK,94.1285714285714,0,2026-07-13,2026-08-20 16:40:35.066
ELECTRICITY,EG.ELC.ACCS.ZS,Access to electricity,Infrastructure & Affordability,LOW,MAC,"Macao SAR, China",2024,1,OK,100.0,1,2026-07-13,2026-08-20 16:40:34.894
GDP_PC_PPP,NY.GDP.PCAP.PP.CD,"GDP per capita, PPP",Infrastructure & Affordability,LOW,MAC,"Macao SAR, China",2025,0,OK,137030.679100085,1,2026-07-13,2026-08-20 16:40:34.813
POP_GROWTH,SP.POP.GROW,Population growth,Reach & Growth,HIGH,MAC,"Macao SAR, China",2025,0,OK,-0.160244771707362,1,2026-07-13,2026-08-20 16:40:34.978
POP_TOTAL,SP.POP.TOTL,Total population,Reach & Growth,HIGH,MAC,"Macao SAR, China",2025,0,OK,685900.0,0,2026-07-13,2026-08-20 16:40:35.021
RURAL_POP,SP.RUR.TOTL.ZS,Rural population,Reach & Growth,HIGH,MAC,"Macao SAR, China",2025,0,OK,0.0,0,2026-07-13,2026-08-20 16:40:34.940
WATER_ACCESS,SH.H2O.SMDW.ZS,People using safely managed drinking water services,Water Need,LOW,MAC,"Macao SAR, China",2024,1,OK,100.0,0,2026-07-13,2026-08-20 16:40:34.666
EDUCATION,SE.PRM.CMPT.ZS,"Primary completion rate, total",Human Development,LOW,MDG,Madagascar,2024,1,OK,60.7106953292253,0,2026-07-13,2026-08-20 16:40:35.066
ELECTRICITY,EG.ELC.ACCS.ZS,Access to electricity,Infrastructure & Affordability,LOW,MDG,Madagascar,2024,1,OK,42.5,1,2026-07-13,2026-08-20 16:40:34.894
FRESHWATER_PC,ER.H2O.INTR.PC,Renewable internal freshwater resources per capita,Water Need,LOW,MDG,Madagascar,2022,3,OK,11071.9555218848,0,2026-07-13,2026-08-20 16:40:34.738
GDP_PC_PPP,NY.GDP.PCAP.PP.CD,"GDP per capita, PPP",Infrastructure & Affordability,LOW,MDG,Madagascar,2025,0,OK,1952.48426903369,1,2026-07-13,2026-08-20 16:40:34.813
POP_GROWTH,SP.POP.GROW,Population growth,Reach & Growth,HIGH,MDG,Madagascar,2025,0,OK,2.39781026296956,1,2026-07-13,2026-08-20 16:40:34.978
POP_TOTAL,SP.POP.TOTL,Total population,Reach & Growth,HIGH,MDG,Madagascar,2025,0,OK,32740678.0,0,2026-07-13,2026-08-20 16:40:35.021
RURAL_POP,SP.RUR.TOTL.ZS,Rural population,Reach & Growth,HIGH,MDG,Madagascar,2025,0,OK,67.0982929163102,0,2026-07-13,2026-08-20 16:40:34.940
U5_MORTALITY,SH.DYN.MORT,"Mortality rate, under-5",Human Development,HIGH,MDG,Madagascar,2024,1,OK,62.4,0,2026-07-13,2026-08-20 16:40:34.771
WATER_ACCESS,SH.H2O.SMDW.ZS,People using safely managed drinking water services,Water Need,LOW,MDG,Madagascar,2024,1,OK,22.0559944937861,0,2026-07-13,2026-08-20 16:40:34.666
EDUCATION,SE.PRM.CMPT.ZS,"Primary completion rate, total",Human Development,LOW,MWI,Malawi,2024,1,OK,70.1399332330763,0,2026-07-13,2026-08-20 16:40:35.066
ELECTRICITY,EG.ELC.ACCS.ZS,Access to electricity,Infrastructure & Affordability,LOW,MWI,Malawi,2024,1,OK,15.6,1,2026-07-13,2026-08-20 16:40:34.894
FRESHWATER_PC,ER.H2O.INTR.PC,Renewable internal freshwater resources per capita,Water Need,LOW,MWI,Malawi,2022,3,OK,784.686345212985,0,2026-07-13,2026-08-20 16:40:34.738
GDP_PC_PPP,NY.GDP.PCAP.PP.CD,"GDP per capita, PPP",Infrastructure & Affordability,LOW,MWI,Malawi,2025,0,OK,1899.29166528127,1,2026-07-13,2026-08-20 16:40:34.813
POP_GROWTH,SP.POP.GROW,Population growth,Reach & Growth,HIGH,MWI,Malawi,2025,0,OK,2.55685698114353,1,2026-07-13,2026-08-20 16:40:34.978
POP_TOTAL,SP.POP.TOTL,Total population,Reach & Growth,HIGH,MWI,Malawi,2025,0,OK,22216120.0,0,2026-07-13,2026-08-20 16:40:35.021
RURAL_POP,SP.RUR.TOTL.ZS,Rural population,Reach & Growth,HIGH,MWI,Malawi,2025,0,OK,82.4050131613683,0,2026-07-13,2026-08-20 16:40:34.940
U5_MORTALITY,SH.DYN.MORT,"Mortality rate, under-5",Human Development,HIGH,MWI,Malawi,2024,1,OK,48.8,0,2026-07-13,2026-08-20 16:40:34.771
WATER_ACCESS,SH.H2O.SMDW.ZS,People using safely managed drinking water services,Water Need,LOW,MWI,Malawi,2024,1,OK,18.1816539742083,0,2026-07-13,2026-08-20 16:40:34.666
EDUCATION,SE.PRM.CMPT.ZS,"Primary completion rate, total",Human Development,LOW,MYS,Malaysia,2024,1,OK,87.7397769648065,0,2026-07-13,2026-08-20 16:40:35.066
ELECTRICITY,EG.ELC.ACCS.ZS,Access to electricity,Infrastructure & Affordability,LOW,MYS,Malaysia,2024,1,OK,100.0,1,2026-07-13,2026-08-20 16:40:34.894
FRESHWATER_PC,ER.H2O.INTR.PC,Renewable internal freshwater resources per capita,Water Need,LOW,MYS,Malaysia,2022,3,OK,16716.8686722509,0,2026-07-13,2026-08-20 16:40:34.738
GDP_PC_PPP,NY.GDP.PCAP.PP.CD,"GDP per capita, PPP",Infrastructure & Affordability,LOW,MYS,Malaysia,2025,0,OK,41497.6746089548,1,2026-07-13,2026-08-20 16:40:34.813
POP_GROWTH,SP.POP.GROW,Population growth,Reach & Growth,HIGH,MYS,Malaysia,2025,0,OK,1.17471679693395,1,2026-07-13,2026-08-20 16:40:34.978
POP_TOTAL,SP.POP.TOTL,Total population,Reach & Growth,HIGH,MYS,Malaysia,2025,0,OK,35977838.0,0,2026-07-13,2026-08-20 16:40:35.021
RURAL_POP,SP.RUR.TOTL.ZS,Rural population,Reach & Growth,HIGH,MYS,Malaysia,2025,0,OK,22.6051187703771,0,2026-07-13,2026-08-20 16:40:34.940
U5_MORTALITY,SH.DYN.MORT,"Mortality rate, under-5",Human Development,HIGH,MYS,Malaysia,2024,1,OK,8.3,0,2026-07-13,2026-08-20 16:40:34.771
WATER_ACCESS,SH.H2O.SMDW.ZS,People using safely managed drinking water services,Water Need,LOW,MYS,Malaysia,2024,1,OK,94.700361858312,0,2026-07-13,2026-08-20 16:40:34.666
EDUCATION,SE.PRM.CMPT.ZS,"Primary completion rate, total",Human Development,LOW,MDV,Maldives,2024,1,OK,93.76026272578,0,2026-07-13,2026-08-20 16:40:35.066
ELECTRICITY,EG.ELC.ACCS.ZS,Access to electricity,Infrastructure & Affordability,LOW,MDV,Maldives,2024,1,OK,100.0,1,2026-07-13,2026-08-20 16:40:34.894
FRESHWATER_PC,ER.H2O.INTR.PC,Renewable internal freshwater resources per capita,Water Need,LOW,MDV,Maldives,2022,3,OK,57.2403292463738,0,2026-07-13,2026-08-20 16:40:34.738
GDP_PC_PPP,NY.GDP.PCAP.PP.CD,"GDP per capita, PPP",Infrastructure & Affordability,LOW,MDV,Maldives,2025,0,OK,28554.8945669737,1,2026-07-13,2026-08-20 16:40:34.813
POP_GROWTH,SP.POP.GROW,Population growth,Reach & Growth,HIGH,MDV,Maldives,2025,0,OK,0.35499694483684,1,2026-07-13,2026-08-20 16:40:34.978
POP_TOTAL,SP.POP.TOTL,Total population,Reach & Growth,HIGH,MDV,Maldives,2025,0,OK,529676.0,0,2026-07-13,2026-08-20 16:40:35.021
RURAL_POP,SP.RUR.TOTL.ZS,Rural population,Reach & Growth,HIGH,MDV,Maldives,2025,0,OK,57.4938432004533,0,2026-07-13,2026-08-20 16:40:34.940
U5_MORTALITY,SH.DYN.MORT,"Mortality rate, under-5",Human Development,HIGH,MDV,Maldives,2024,1,OK,5.4,0,2026-07-13,2026-08-20 16:40:34.771
EDUCATION,SE.PRM.CMPT.ZS,"Primary completion rate, total",Human Development,LOW,MLI,Mali,2023,2,OK,48.4277284647973,0,2026-07-13,2026-08-20 16:40:35.066
ELECTRICITY,EG.ELC.ACCS.ZS,Access to electricity,Infrastructure & Affordability,LOW,MLI,Mali,2024,1,OK,49.5,1,2026-07-13,2026-08-20 16:40:34.894
FRESHWATER_PC,ER.H2O.INTR.PC,Renewable internal freshwater resources per capita,Water Need,LOW,MLI,Mali,2022,3,OK,2600.48264957976,0,2026-07-13,2026-08-20 16:40:34.738
GDP_PC_PPP,NY.GDP.PCAP.PP.CD,"GDP per capita, PPP",Infrastructure & Affordability,LOW,MLI,Mali,2025,0,OK,3502.76132351788,1,2026-07-13,2026-08-20 16:40:34.813
POP_GROWTH,SP.POP.GROW,Population growth,Reach & Growth,HIGH,MLI,Mali,2025,0,OK,2.89981455024173,1,2026-07-13,2026-08-20 16:40:34.978
POP_TOTAL,SP.POP.TOTL,Total population,Reach & Growth,HIGH,MLI,Mali,2025,0,OK,25198821.0,0,2026-07-13,2026-08-20 16:40:35.021
RURAL_POP,SP.RUR.TOTL.ZS,Rural population,Reach & Growth,HIGH,MLI,Mali,2025,0,OK,67.7872862816011,0,2026-07-13,2026-08-20 16:40:34.940
U5_MORTALITY,SH.DYN.MORT,"Mortality rate, under-5",Human Development,HIGH,MLI,Mali,2024,1,OK,73.0,0,2026-07-13,2026-08-20 16:40:34.771
EDUCATION,SE.PRM.CMPT.ZS,"Primary completion rate, total",Human Development,LOW,MLT,Malta,2023,2,OK,97.1002807617188,0,2026-07-13,2026-08-20 16:40:35.066
ELECTRICITY,EG.ELC.ACCS.ZS,Access to electricity,Infrastructure & Affordability,LOW,MLT,Malta,2024,1,OK,100.0,1,2026-07-13,2026-08-20 16:40:34.894
FRESHWATER_PC,ER.H2O.INTR.PC,Renewable internal freshwater resources per capita,Water Need,LOW,MLT,Malta,2022,3,OK,95.0833438458483,0,2026-07-13,2026-08-20 16:40:34.738
GDP_PC_PPP,NY.GDP.PCAP.PP.CD,"GDP per capita, PPP",Infrastructure & Affordability,LOW,MLT,Malta,2025,0,OK,72210.3392223985,1,2026-07-13,2026-08-20 16:40:34.813
POP_GROWTH,SP.POP.GROW,Population growth,Reach & Growth,HIGH,MLT,Malta,2025,0,OK,1.8906123268828,1,2026-07-13,2026-08-20 16:40:34.978
POP_TOTAL,SP.POP.TOTL,Total population,Reach & Growth,HIGH,MLT,Malta,2025,0,OK,579704.0,0,2026-07-13,2026-08-20 16:40:35.021
RURAL_POP,SP.RUR.TOTL.ZS,Rural population,Reach & Growth,HIGH,MLT,Malta,2025,0,OK,4.3194143350407,0,2026-07-13,2026-08-20 16:40:34.940
U5_MORTALITY,SH.DYN.MORT,"Mortality rate, under-5",Human Development,HIGH,MLT,Malta,2024,1,OK,5.3,0,2026-07-13,2026-08-20 16:40:34.771
WATER_ACCESS,SH.H2O.SMDW.ZS,People using safely managed drinking water services,Water Need,LOW,MLT,Malta,2024,1,OK,99.8267685287143,0,2026-07-13,2026-08-20 16:40:34.666
EDUCATION,SE.PRM.CMPT.ZS,"Primary completion rate, total",Human Development,LOW,MHL,Marshall Islands,2024,1,OK,98.4799131378936,0,2026-07-13,2026-08-20 16:40:35.066
ELECTRICITY,EG.ELC.ACCS.ZS,Access to electricity,Infrastructure & Affordability,LOW,MHL,Marshall Islands,2024,1,OK,97.2,1,2026-07-13,2026-08-20 16:40:34.894
GDP_PC_PPP,NY.GDP.PCAP.PP.CD,"GDP per capita, PPP",Infrastructure & Affordability,LOW,MHL,Marshall Islands,2025,0,OK,8964.32212870807,1,2026-07-13,2026-08-20 16:40:34.813
POP_GROWTH,SP.POP.GROW,Population growth,Reach & Growth,HIGH,MHL,Marshall Islands,2025,0,OK,-3.42983639556145,1,2026-07-13,2026-08-20 16:40:34.978
POP_TOTAL,SP.POP.TOTL,Total population,Reach & Growth,HIGH,MHL,Marshall Islands,2025,0,OK,36282.0,0,2026-07-13,2026-08-20 16:40:35.021
RURAL_POP,SP.RUR.TOTL.ZS,Rural population,Reach & Growth,HIGH,MHL,Marshall Islands,2025,0,OK,20.894496908548,0,2026-07-13,2026-08-20 16:40:34.940
U5_MORTALITY,SH.DYN.MORT,"Mortality rate, under-5",Human Development,HIGH,MHL,Marshall Islands,2024,1,OK,26.7,0,2026-07-13,2026-08-20 16:40:34.771
EDUCATION,SE.PRM.CMPT.ZS,"Primary completion rate, total",Human Development,LOW,MRT,Mauritania,2020,5,STALE,73.4478403637282,0,2026-07-13,2026-08-20 16:40:35.066
ELECTRICITY,EG.ELC.ACCS.ZS,Access to electricity,Infrastructure & Affordability,LOW,MRT,Mauritania,2024,1,OK,52.2,1,2026-07-13,2026-08-20 16:40:34.894
FRESHWATER_PC,ER.H2O.INTR.PC,Renewable internal freshwater resources per capita,Water Need,LOW,MRT,Mauritania,2022,3,OK,82.040562084503,0,2026-07-13,2026-08-20 16:40:34.738
GDP_PC_PPP,NY.GDP.PCAP.PP.CD,"GDP per capita, PPP",Infrastructure & Affordability,LOW,MRT,Mauritania,2025,0,OK,7675.51996658445,1,2026-07-13,2026-08-20 16:40:34.813
POP_GROWTH,SP.POP.GROW,Population growth,Reach & Growth,HIGH,MRT,Mauritania,2025,0,OK,2.77895808619534,1,2026-07-13,2026-08-20 16:40:34.978
POP_TOTAL,SP.POP.TOTL,Total population,Reach & Growth,HIGH,MRT,Mauritania,2025,0,OK,5315065.0,0,2026-07-13,2026-08-20 16:40:35.021
RURAL_POP,SP.RUR.TOTL.ZS,Rural population,Reach & Growth,HIGH,MRT,Mauritania,2025,0,OK,38.5111809462304,0,2026-07-13,2026-08-20 16:40:34.940
U5_MORTALITY,SH.DYN.MORT,"Mortality rate, under-5",Human Development,HIGH,MRT,Mauritania,2024,1,OK,36.9,0,2026-07-13,2026-08-20 16:40:34.771
EDUCATION,SE.PRM.CMPT.ZS,"Primary completion rate, total",Human Development,LOW,MUS,Mauritius,2024,1,OK,83.2499818801189,0,2026-07-13,2026-08-20 16:40:35.066
ELECTRICITY,EG.ELC.ACCS.ZS,Access to electricity,Infrastructure & Affordability,LOW,MUS,Mauritius,2024,1,OK,100.0,1,2026-07-13,2026-08-20 16:40:34.894
FRESHWATER_PC,ER.H2O.INTR.PC,Renewable internal freshwater resources per capita,Water Need,LOW,MUS,Mauritius,2022,3,OK,2178.97020489924,0,2026-07-13,2026-08-20 16:40:34.738
GDP_PC_PPP,NY.GDP.PCAP.PP.CD,"GDP per capita, PPP",Infrastructure & Affordability,LOW,MUS,Mauritius,2025,0,OK,33666.64355884,1,2026-07-13,2026-08-20 16:40:34.813
POP_GROWTH,SP.POP.GROW,Population growth,Reach & Growth,HIGH,MUS,Mauritius,2025,0,OK,-0.163726377394902,1,2026-07-13,2026-08-20 16:40:34.978
POP_TOTAL,SP.POP.TOTL,Total population,Reach & Growth,HIGH,MUS,Mauritius,2025,0,OK,1243741.0,0,2026-07-13,2026-08-20 16:40:35.021
RURAL_POP,SP.RUR.TOTL.ZS,Rural population,Reach & Growth,HIGH,MUS,Mauritius,2025,0,OK,60.9630336631476,0,2026-07-13,2026-08-20 16:40:34.940
U5_MORTALITY,SH.DYN.MORT,"Mortality rate, under-5",Human Development,HIGH,MUS,Mauritius,2024,1,OK,15.4,0,2026-07-13,2026-08-20 16:40:34.771
EDUCATION,SE.PRM.CMPT.ZS,"Primary completion rate, total",Human Development,LOW,MEX,Mexico,2024,1,OK,102.283569335938,0,2026-07-13,2026-08-20 16:40:35.066
ELECTRICITY,EG.ELC.ACCS.ZS,Access to electricity,Infrastructure & Affordability,LOW,MEX,Mexico,2024,1,OK,99.8,1,2026-07-13,2026-08-20 16:40:34.894
FRESHWATER_PC,ER.H2O.INTR.PC,Renewable internal freshwater resources per capita,Water Need,LOW,MEX,Mexico,2022,3,OK,3180.07999137444,0,2026-07-13,2026-08-20 16:40:34.738
GDP_PC_PPP,NY.GDP.PCAP.PP.CD,"GDP per capita, PPP",Infrastructure & Affordability,LOW,MEX,Mexico,2025,0,OK,25868.4787520629,1,2026-07-13,2026-08-20 16:40:34.813
POP_GROWTH,SP.POP.GROW,Population growth,Reach & Growth,HIGH,MEX,Mexico,2025,0,OK,0.826382426690595,1,2026-07-13,2026-08-20 16:40:34.978
POP_TOTAL,SP.POP.TOTL,Total population,Reach & Growth,HIGH,MEX,Mexico,2025,0,OK,131946900.0,0,2026-07-13,2026-08-20 16:40:35.021
RURAL_POP,SP.RUR.TOTL.ZS,Rural population,Reach & Growth,HIGH,MEX,Mexico,2025,0,OK,19.9591069370277,0,2026-07-13,2026-08-20 16:40:34.940
U5_MORTALITY,SH.DYN.MORT,"Mortality rate, under-5",Human Development,HIGH,MEX,Mexico,2024,1,OK,13.1,0,2026-07-13,2026-08-20 16:40:34.771
WATER_ACCESS,SH.H2O.SMDW.ZS,People using safely managed drinking water services,Water Need,LOW,MEX,Mexico,2024,1,OK,42.9666311513801,0,2026-07-13,2026-08-20 16:40:34.666
EDUCATION,SE.PRM.CMPT.ZS,"Primary completion rate, total",Human Development,LOW,FSM,"Micronesia, Fed. Sts.",2024,1,OK,78.8533422876495,0,2026-07-13,2026-08-20 16:40:35.066
ELECTRICITY,EG.ELC.ACCS.ZS,Access to electricity,Infrastructure & Affordability,LOW,FSM,"Micronesia, Fed. Sts.",2024,1,OK,88.9,1,2026-07-13,2026-08-20 16:40:34.894
GDP_PC_PPP,NY.GDP.PCAP.PP.CD,"GDP per capita, PPP",Infrastructure & Affordability,LOW,FSM,"Micronesia, Fed. Sts.",2025,0,OK,4604.39540764468,1,2026-07-13,2026-08-20 16:40:34.813
POP_GROWTH,SP.POP.GROW,Population growth,Reach & Growth,HIGH,FSM,"Micronesia, Fed. Sts.",2025,0,OK,0.46111268735637,1,2026-07-13,2026-08-20 16:40:34.978
POP_TOTAL,SP.POP.TOTL,Total population,Reach & Growth,HIGH,FSM,"Micronesia, Fed. Sts.",2025,0,OK,113683.0,0,2026-07-13,2026-08-20 16:40:35.021
RURAL_POP,SP.RUR.TOTL.ZS,Rural population,Reach & Growth,HIGH,FSM,"Micronesia, Fed. Sts.",2025,0,OK,77.5190709377297,0,2026-07-13,2026-08-20 16:40:34.940
U5_MORTALITY,SH.DYN.MORT,"Mortality rate, under-5",Human Development,HIGH,FSM,"Micronesia, Fed. Sts.",2024,1,OK,22.4,0,2026-07-13,2026-08-20 16:40:34.771
EDUCATION,SE.PRM.CMPT.ZS,"Primary completion rate, total",Human Development,LOW,MDA,Moldova,2024,1,OK,108.061881105591,0,2026-07-13,2026-08-20 16:40:35.066
ELECTRICITY,EG.ELC.ACCS.ZS,Access to electricity,Infrastructure & Affordability,LOW,MDA,Moldova,2024,1,OK,100.0,1,2026-07-13,2026-08-20 16:40:34.894
FRESHWATER_PC,ER.H2O.INTR.PC,Renewable internal freshwater resources per capita,Water Need,LOW,MDA,Moldova,2022,3,OK,640.657045210614,0,2026-07-13,2026-08-20 16:40:34.738
GDP_PC_PPP,NY.GDP.PCAP.PP.CD,"GDP per capita, PPP",Infrastructure & Affordability,LOW,MDA,Moldova,2025,0,OK,19995.7590923995,1,2026-07-13,2026-08-20 16:40:34.813
POP_GROWTH,SP.POP.GROW,Population growth,Reach & Growth,HIGH,MDA,Moldova,2025,0,OK,-1.75442101889586,1,2026-07-13,2026-08-20 16:40:34.978
POP_TOTAL,SP.POP.TOTL,Total population,Reach & Growth,HIGH,MDA,Moldova,2025,0,OK,2360527.0,0,2026-07-13,2026-08-20 16:40:35.021
RURAL_POP,SP.RUR.TOTL.ZS,Rural population,Reach & Growth,HIGH,MDA,Moldova,2025,0,OK,56.2663759595455,0,2026-07-13,2026-08-20 16:40:34.940
U5_MORTALITY,SH.DYN.MORT,"Mortality rate, under-5",Human Development,HIGH,MDA,Moldova,2024,1,OK,16.5,0,2026-07-13,2026-08-20 16:40:34.771
WATER_ACCESS,SH.H2O.SMDW.ZS,People using safely managed drinking water services,Water Need,LOW,MDA,Moldova,2024,1,OK,75.8158908711072,0,2026-07-13,2026-08-20 16:40:34.666
EDUCATION,SE.PRM.CMPT.ZS,"Primary completion rate, total",Human Development,LOW,MCO,Monaco,2024,1,OK,135.0,0,2026-07-13,2026-08-20 16:40:35.066
ELECTRICITY,EG.ELC.ACCS.ZS,Access to electricity,Infrastructure & Affordability,LOW,MCO,Monaco,2024,1,OK,100.0,1,2026-07-13,2026-08-20 16:40:34.894
POP_GROWTH,SP.POP.GROW,Population growth,Reach & Growth,HIGH,MCO,Monaco,2025,0,OK,-0.753524326194984,1,2026-07-13,2026-08-20 16:40:34.978
POP_TOTAL,SP.POP.TOTL,Total population,Reach & Growth,HIGH,MCO,Monaco,2025,0,OK,38341.0,0,2026-07-13,2026-08-20 16:40:35.021
RURAL_POP,SP.RUR.TOTL.ZS,Rural population,Reach & Growth,HIGH,MCO,Monaco,2025,0,OK,0.0,0,2026-07-13,2026-08-20 16:40:34.940
U5_MORTALITY,SH.DYN.MORT,"Mortality rate, under-5",Human Development,HIGH,MCO,Monaco,2024,1,OK,2.7,0,2026-07-13,2026-08-20 16:40:34.771
WATER_ACCESS,SH.H2O.SMDW.ZS,People using safely managed drinking water services,Water Need,LOW,MCO,Monaco,2024,1,OK,100.0,0,2026-07-13,2026-08-20 16:40:34.666
EDUCATION,SE.PRM.CMPT.ZS,"Primary completion rate, total",Human Development,LOW,MNG,Mongolia,2024,1,OK,93.48303548023,0,2026-07-13,2026-08-20 16:40:35.066
ELECTRICITY,EG.ELC.ACCS.ZS,Access to electricity,Infrastructure & Affordability,LOW,MNG,Mongolia,2024,1,OK,99.1,1,2026-07-13,2026-08-20 16:40:34.894
FRESHWATER_PC,ER.H2O.INTR.PC,Renewable internal freshwater resources per capita,Water Need,LOW,MNG,Mongolia,2022,3,OK,10134.6982946914,0,2026-07-13,2026-08-20 16:40:34.738
GDP_PC_PPP,NY.GDP.PCAP.PP.CD,"GDP per capita, PPP",Infrastructure & Affordability,LOW,MNG,Mongolia,2025,0,OK,20797.7652692242,1,2026-07-13,2026-08-20 16:40:34.813
POP_GROWTH,SP.POP.GROW,Population growth,Reach & Growth,HIGH,MNG,Mongolia,2025,0,OK,1.24589876857071,1,2026-07-13,2026-08-20 16:40:34.978
POP_TOTAL,SP.POP.TOTL,Total population,Reach & Growth,HIGH,MNG,Mongolia,2025,0,OK,3568978.0,0,2026-07-13,2026-08-20 16:40:35.021
RURAL_POP,SP.RUR.TOTL.ZS,Rural population,Reach & Growth,HIGH,MNG,Mongolia,2025,0,OK,28.8549280873877,0,2026-07-13,2026-08-20 16:40:34.940
U5_MORTALITY,SH.DYN.MORT,"Mortality rate, under-5",Human Development,HIGH,MNG,Mongolia,2024,1,OK,13.4,0,2026-07-13,2026-08-20 16:40:34.771
WATER_ACCESS,SH.H2O.SMDW.ZS,People using safely managed drinking water services,Water Need,LOW,MNG,Mongolia,2024,1,OK,43.360722296887,0,2026-07-13,2026-08-20 16:40:34.666
EDUCATION,SE.PRM.CMPT.ZS,"Primary completion rate, total",Human Development,LOW,MNE,Montenegro,2023,2,OK,106.734153747559,0,2026-07-13,2026-08-20 16:40:35.066
ELECTRICITY,EG.ELC.ACCS.ZS,Access to electricity,Infrastructure & Affordability,LOW,MNE,Montenegro,2024,1,OK,100.0,1,2026-07-13,2026-08-20 16:40:34.894
GDP_PC_PPP,NY.GDP.PCAP.PP.CD,"GDP per capita, PPP",Infrastructure & Affordability,LOW,MNE,Montenegro,2025,0,OK,35422.6449824931,1,2026-07-13,2026-08-20 16:40:34.813
POP_GROWTH,SP.POP.GROW,Population growth,Reach & Growth,HIGH,MNE,Montenegro,2025,0,OK,-0.0635300593940256,1,2026-07-13,2026-08-20 16:40:34.978
POP_TOTAL,SP.POP.TOTL,Total population,Reach & Growth,HIGH,MNE,Montenegro,2025,0,OK,623129.0,0,2026-07-13,2026-08-20 16:40:35.021
RURAL_POP,SP.RUR.TOTL.ZS,Rural population,Reach & Growth,HIGH,MNE,Montenegro,2025,0,OK,34.3914916478964,0,2026-07-13,2026-08-20 16:40:34.940
U5_MORTALITY,SH.DYN.MORT,"Mortality rate, under-5",Human Development,HIGH,MNE,Montenegro,2024,1,OK,2.4,0,2026-07-13,2026-08-20 16:40:34.771
WATER_ACCESS,SH.H2O.SMDW.ZS,People using safely managed drinking water services,Water Need,LOW,MNE,Montenegro,2024,1,OK,85.5009117879106,0,2026-07-13,2026-08-20 16:40:34.666
EDUCATION,SE.PRM.CMPT.ZS,"Primary completion rate, total",Human Development,LOW,MAR,Morocco,2024,1,OK,106.370769185132,0,2026-07-13,2026-08-20 16:40:35.066
ELECTRICITY,EG.ELC.ACCS.ZS,Access to electricity,Infrastructure & Affordability,LOW,MAR,Morocco,2024,1,OK,100.0,1,2026-07-13,2026-08-20 16:40:34.894
FRESHWATER_PC,ER.H2O.INTR.PC,Renewable internal freshwater resources per capita,Water Need,LOW,MAR,Morocco,2022,3,OK,776.874555440233,0,2026-07-13,2026-08-20 16:40:34.738
GDP_PC_PPP,NY.GDP.PCAP.PP.CD,"GDP per capita, PPP",Infrastructure & Affordability,LOW,MAR,Morocco,2025,0,OK,11111.7080078125,1,2026-07-13,2026-08-20 16:40:34.813
POP_GROWTH,SP.POP.GROW,Population growth,Reach & Growth,HIGH,MAR,Morocco,2025,0,OK,0.913842778572571,1,2026-07-13,2026-08-20 16:40:34.978
POP_TOTAL,SP.POP.TOTL,Total population,Reach & Growth,HIGH,MAR,Morocco,2025,0,OK,38430770.0,0,2026-07-13,2026-08-20 16:40:35.021
RURAL_POP,SP.RUR.TOTL.ZS,Rural population,Reach & Growth,HIGH,MAR,Morocco,2025,0,OK,36.8721387739731,0,2026-07-13,2026-08-20 16:40:34.940
U5_MORTALITY,SH.DYN.MORT,"Mortality rate, under-5",Human Development,HIGH,MAR,Morocco,2024,1,OK,15.7,0,2026-07-13,2026-08-20 16:40:34.771
WATER_ACCESS,SH.H2O.SMDW.ZS,People using safely managed drinking water services,Water Need,LOW,MAR,Morocco,2024,1,OK,79.9818072279602,0,2026-07-13,2026-08-20 16:40:34.666
EDUCATION,SE.PRM.CMPT.ZS,"Primary completion rate, total",Human Development,LOW,MOZ,Mozambique,2022,3,OK,72.3655686845574,0,2026-07-13,2026-08-20 16:40:35.066
ELECTRICITY,EG.ELC.ACCS.ZS,Access to electricity,Infrastructure & Affordability,LOW,MOZ,Mozambique,2024,1,OK,36.9,1,2026-07-13,2026-08-20 16:40:34.894
FRESHWATER_PC,ER.H2O.INTR.PC,Renewable internal freshwater resources per capita,Water Need,LOW,MOZ,Mozambique,2022,3,OK,3071.3879360169,0,2026-07-13,2026-08-20 16:40:34.738
GDP_PC_PPP,NY.GDP.PCAP.PP.CD,"GDP per capita, PPP",Infrastructure & Affordability,LOW,MOZ,Mozambique,2025,0,OK,1697.94109338132,1,2026-07-13,2026-08-20 16:40:34.813
POP_GROWTH,SP.POP.GROW,Population growth,Reach & Growth,HIGH,MOZ,Mozambique,2025,0,OK,2.84630186701375,1,2026-07-13,2026-08-20 16:40:34.978
POP_TOTAL,SP.POP.TOTL,Total population,Reach & Growth,HIGH,MOZ,Mozambique,2025,0,OK,35631653.0,0,2026-07-13,2026-08-20 16:40:35.021
RURAL_POP,SP.RUR.TOTL.ZS,Rural population,Reach & Growth,HIGH,MOZ,Mozambique,2025,0,OK,62.7922055072811,0,2026-07-13,2026-08-20 16:40:34.940
U5_MORTALITY,SH.DYN.MORT,"Mortality rate, under-5",Human Development,HIGH,MOZ,Mozambique,2024,1,OK,59.4,0,2026-07-13,2026-08-20 16:40:34.771
WATER_ACCESS,SH.H2O.SMDW.ZS,People using safely managed drinking water services,Water Need,LOW,MOZ,Mozambique,2024,1,OK,27.5429456975996,0,2026-07-13,2026-08-20 16:40:34.666
EDUCATION,SE.PRM.CMPT.ZS,"Primary completion rate, total",Human Development,LOW,MMR,Myanmar,2018,7,STALE,105.356811523438,0,2026-07-13,2026-08-20 16:40:35.066
ELECTRICITY,EG.ELC.ACCS.ZS,Access to electricity,Infrastructure & Affordability,LOW,MMR,Myanmar,2024,1,OK,80.4,1,2026-07-13,2026-08-20 16:40:34.894
FRESHWATER_PC,ER.H2O.INTR.PC,Renewable internal freshwater resources per capita,Water Need,LOW,MMR,Myanmar,2022,3,OK,18654.3887007235,0,2026-07-13,2026-08-20 16:40:34.738
GDP_PC_PPP,NY.GDP.PCAP.PP.CD,"GDP per capita, PPP",Infrastructure & Affordability,LOW,MMR,Myanmar,2025,0,OK,6011.53492175516,1,2026-07-13,2026-08-20 16:40:34.813
POP_GROWTH,SP.POP.GROW,Population growth,Reach & Growth,HIGH,MMR,Myanmar,2025,0,OK,0.641162929716532,1,2026-07-13,2026-08-20 16:40:34.978
POP_TOTAL,SP.POP.TOTL,Total population,Reach & Growth,HIGH,MMR,Myanmar,2025,0,OK,54850648.0,0,2026-07-13,2026-08-20 16:40:35.021
RURAL_POP,SP.RUR.TOTL.ZS,Rural population,Reach & Growth,HIGH,MMR,Myanmar,2025,0,OK,69.4163084523233,0,2026-07-13,2026-08-20 16:40:34.940
U5_MORTALITY,SH.DYN.MORT,"Mortality rate, under-5",Human Development,HIGH,MMR,Myanmar,2024,1,OK,36.9,0,2026-07-13,2026-08-20 16:40:34.771
WATER_ACCESS,SH.H2O.SMDW.ZS,People using safely managed drinking water services,Water Need,LOW,MMR,Myanmar,2024,1,OK,59.7239750772507,0,2026-07-13,2026-08-20 16:40:34.666
EDUCATION,SE.PRM.CMPT.ZS,"Primary completion rate, total",Human Development,LOW,NAM,Namibia,2024,1,OK,88.5636912842189,0,2026-07-13,2026-08-20 16:40:35.066
ELECTRICITY,EG.ELC.ACCS.ZS,Access to electricity,Infrastructure & Affordability,LOW,NAM,Namibia,2024,1,OK,59.3,1,2026-07-13,2026-08-20 16:40:34.894
FRESHWATER_PC,ER.H2O.INTR.PC,Renewable internal freshwater resources per capita,Water Need,LOW,NAM,Namibia,2022,3,OK,2131.73720663524,0,2026-07-13,2026-08-20 16:40:34.738
GDP_PC_PPP,NY.GDP.PCAP.PP.CD,"GDP per capita, PPP",Infrastructure & Affordability,LOW,NAM,Namibia,2025,0,OK,11985.7200318677,1,2026-07-13,2026-08-20 16:40:34.813
POP_GROWTH,SP.POP.GROW,Population growth,Reach & Growth,HIGH,NAM,Namibia,2025,0,OK,2.04761498541566,1,2026-07-13,2026-08-20 16:40:34.978
POP_TOTAL,SP.POP.TOTL,Total population,Reach & Growth,HIGH,NAM,Namibia,2025,0,OK,3092816.0,0,2026-07-13,2026-08-20 16:40:35.021
RURAL_POP,SP.RUR.TOTL.ZS,Rural population,Reach & Growth,HIGH,NAM,Namibia,2025,0,OK,49.1333015600674,0,2026-07-13,2026-08-20 16:40:34.940
U5_MORTALITY,SH.DYN.MORT,"Mortality rate, under-5",Human Development,HIGH,NAM,Namibia,2024,1,OK,39.5,0,2026-07-13,2026-08-20 16:40:34.771
EDUCATION,SE.PRM.CMPT.ZS,"Primary completion rate, total",Human Development,LOW,NRU,Naoero,2025,0,OK,86.4077710571984,0,2026-07-13,2026-08-20 16:40:35.066
ELECTRICITY,EG.ELC.ACCS.ZS,Access to electricity,Infrastructure & Affordability,LOW,NRU,Naoero,2024,1,OK,100.0,1,2026-07-13,2026-08-20 16:40:34.894
FRESHWATER_PC,ER.H2O.INTR.PC,Renewable internal freshwater resources per capita,Water Need,LOW,NRU,Naoero,2022,3,OK,847.385814761461,0,2026-07-13,2026-08-20 16:40:34.738
GDP_PC_PPP,NY.GDP.PCAP.PP.CD,"GDP per capita, PPP",Infrastructure & Affordability,LOW,NRU,Naoero,2025,0,OK,14200.486778198,1,2026-07-13,2026-08-20 16:40:34.813
POP_GROWTH,SP.POP.GROW,Population growth,Reach & Growth,HIGH,NRU,Naoero,2025,0,OK,0.650761515673821,1,2026-07-13,2026-08-20 16:40:34.978
POP_TOTAL,SP.POP.TOTL,Total population,Reach & Growth,HIGH,NRU,Naoero,2025,0,OK,12025.0,0,2026-07-13,2026-08-20 16:40:35.021
RURAL_POP,SP.RUR.TOTL.ZS,Rural population,Reach & Growth,HIGH,NRU,Naoero,2025,0,OK,0.0,0,2026-07-13,2026-08-20 16:40:34.940
U5_MORTALITY,SH.DYN.MORT,"Mortality rate, under-5",Human Development,HIGH,NRU,Naoero,2024,1,OK,8.3,0,2026-07-13,2026-08-20 16:40:34.771
WATER_ACCESS,SH.H2O.SMDW.ZS,People using safely managed drinking water services,Water Need,LOW,NRU,Naoero,2024,1,OK,18.6631621110857,0,2026-07-13,2026-08-20 16:40:34.666
EDUCATION,SE.PRM.CMPT.ZS,"Primary completion rate, total",Human Development,LOW,NPL,Nepal,2025,0,OK,109.435240565289,0,2026-07-13,2026-08-20 16:40:35.066
ELECTRICITY,EG.ELC.ACCS.ZS,Access to electricity,Infrastructure & Affordability,LOW,NPL,Nepal,2024,1,OK,97.9,1,2026-07-13,2026-08-20 16:40:34.894
FRESHWATER_PC,ER.H2O.INTR.PC,Renewable internal freshwater resources per capita,Water Need,LOW,NPL,Nepal,2022,3,OK,6669.93410428169,0,2026-07-13,2026-08-20 16:40:34.738
GDP_PC_PPP,NY.GDP.PCAP.PP.CD,"GDP per capita, PPP",Infrastructure & Affordability,LOW,NPL,Nepal,2025,0,OK,6175.15897150244,1,2026-07-13,2026-08-20 16:40:34.813
POP_GROWTH,SP.POP.GROW,Population growth,Reach & Growth,HIGH,NPL,Nepal,2025,0,OK,-0.111140420150509,1,2026-07-13,2026-08-20 16:40:34.978
POP_TOTAL,SP.POP.TOTL,Total population,Reach & Growth,HIGH,NPL,Nepal,2025,0,OK,29618118.0,0,2026-07-13,2026-08-20 16:40:35.021
RURAL_POP,SP.RUR.TOTL.ZS,Rural population,Reach & Growth,HIGH,NPL,Nepal,2025,0,OK,33.000575115141,0,2026-07-13,2026-08-20 16:40:34.940
U5_MORTALITY,SH.DYN.MORT,"Mortality rate, under-5",Human Development,HIGH,NPL,Nepal,2024,1,OK,25.1,0,2026-07-13,2026-08-20 16:40:34.771
WATER_ACCESS,SH.H2O.SMDW.ZS,People using safely managed drinking water services,Water Need,LOW,NPL,Nepal,2024,1,OK,16.4868856683866,0,2026-07-13,2026-08-20 16:40:34.666
ELECTRICITY,EG.ELC.ACCS.ZS,Access to electricity,Infrastructure & Affordability,LOW,NLD,Netherlands,2024,1,OK,100.0,1,2026-07-13,2026-08-20 16:40:34.894
FRESHWATER_PC,ER.H2O.INTR.PC,Renewable internal freshwater resources per capita,Water Need,LOW,NLD,Netherlands,2022,3,OK,621.434449229992,0,2026-07-13,2026-08-20 16:40:34.738
GDP_PC_PPP,NY.GDP.PCAP.PP.CD,"GDP per capita, PPP",Infrastructure & Affordability,LOW,NLD,Netherlands,2025,0,OK,87320.1477254029,1,2026-07-13,2026-08-20 16:40:34.813
POP_GROWTH,SP.POP.GROW,Population growth,Reach & Growth,HIGH,NLD,Netherlands,2025,0,OK,0.521869714098474,1,2026-07-13,2026-08-20 16:40:34.978
POP_TOTAL,SP.POP.TOTL,Total population,Reach & Growth,HIGH,NLD,Netherlands,2025,0,OK,18087633.0,0,2026-07-13,2026-08-20 16:40:35.021
RURAL_POP,SP.RUR.TOTL.ZS,Rural population,Reach & Growth,HIGH,NLD,Netherlands,2025,0,OK,4.06140965188089,0,2026-07-13,2026-08-20 16:40:34.940
U5_MORTALITY,SH.DYN.MORT,"Mortality rate, under-5",Human Development,HIGH,NLD,Netherlands,2024,1,OK,3.9,0,2026-07-13,2026-08-20 16:40:34.771
WATER_ACCESS,SH.H2O.SMDW.ZS,People using safely managed drinking water services,Water Need,LOW,NLD,Netherlands,2024,1,OK,99.9595063956065,0,2026-07-13,2026-08-20 16:40:34.666
ELECTRICITY,EG.ELC.ACCS.ZS,Access to electricity,Infrastructure & Affordability,LOW,NCL,New Caledonia,2024,1,OK,100.0,1,2026-07-13,2026-08-20 16:40:34.894
POP_GROWTH,SP.POP.GROW,Population growth,Reach & Growth,HIGH,NCL,New Caledonia,2025,0,OK,0.916376579929707,1,2026-07-13,2026-08-20 16:40:34.978
POP_TOTAL,SP.POP.TOTL,Total population,Reach & Growth,HIGH,NCL,New Caledonia,2025,0,OK,295333.0,0,2026-07-13,2026-08-20 16:40:35.021
RURAL_POP,SP.RUR.TOTL.ZS,Rural population,Reach & Growth,HIGH,NCL,New Caledonia,2025,0,OK,31.8282111664423,0,2026-07-13,2026-08-20 16:40:34.940
WATER_ACCESS,SH.H2O.SMDW.ZS,People using safely managed drinking water services,Water Need,LOW,NCL,New Caledonia,2024,1,OK,96.8652854148107,0,2026-07-13,2026-08-20 16:40:34.666
ELECTRICITY,EG.ELC.ACCS.ZS,Access to electricity,Infrastructure & Affordability,LOW,NZL,New Zealand,2024,1,OK,100.0,1,2026-07-13,2026-08-20 16:40:34.894
FRESHWATER_PC,ER.H2O.INTR.PC,Renewable internal freshwater resources per capita,Water Need,LOW,NZL,New Zealand,2022,3,OK,64348.5447783222,0,2026-07-13,2026-08-20 16:40:34.738
GDP_PC_PPP,NY.GDP.PCAP.PP.CD,"GDP per capita, PPP",Infrastructure & Affordability,LOW,NZL,New Zealand,2025,0,OK,57350.3627657521,1,2026-07-13,2026-08-20 16:40:34.813
POP_GROWTH,SP.POP.GROW,Population growth,Reach & Growth,HIGH,NZL,New Zealand,2025,0,OK,0.653812611006536,1,2026-07-13,2026-08-20 16:40:34.978
POP_TOTAL,SP.POP.TOTL,Total population,Reach & Growth,HIGH,NZL,New Zealand,2025,0,OK,5324700.0,0,2026-07-13,2026-08-20 16:40:35.021
RURAL_POP,SP.RUR.TOTL.ZS,Rural population,Reach & Growth,HIGH,NZL,New Zealand,2025,0,OK,16.0021484225269,0,2026-07-13,2026-08-20 16:40:34.940
U5_MORTALITY,SH.DYN.MORT,"Mortality rate, under-5",Human Development,HIGH,NZL,New Zealand,2024,1,OK,4.7,0,2026-07-13,2026-08-20 16:40:34.771
WATER_ACCESS,SH.H2O.SMDW.ZS,People using safely managed drinking water services,Water Need,LOW,NZL,New Zealand,2024,1,OK,100.0,0,2026-07-13,2026-08-20 16:40:34.666
EDUCATION,SE.PRM.CMPT.ZS,"Primary completion rate, total",Human Development,LOW,NIC,Nicaragua,2022,3,OK,81.7195205688477,0,2026-07-13,2026-08-20 16:40:35.066
ELECTRICITY,EG.ELC.ACCS.ZS,Access to electricity,Infrastructure & Affordability,LOW,NIC,Nicaragua,2024,1,OK,88.7,1,2026-07-13,2026-08-20 16:40:34.894
FRESHWATER_PC,ER.H2O.INTR.PC,Renewable internal freshwater resources per capita,Water Need,LOW,NIC,Nicaragua,2022,3,OK,23208.7401907749,0,2026-07-13,2026-08-20 16:40:34.738
GDP_PC_PPP,NY.GDP.PCAP.PP.CD,"GDP per capita, PPP",Infrastructure & Affordability,LOW,NIC,Nicaragua,2025,0,OK,9283.92301511154,1,2026-07-13,2026-08-20 16:40:34.813
POP_GROWTH,SP.POP.GROW,Population growth,Reach & Growth,HIGH,NIC,Nicaragua,2025,0,OK,1.31234789341176,1,2026-07-13,2026-08-20 16:40:34.978
POP_TOTAL,SP.POP.TOTL,Total population,Reach & Growth,HIGH,NIC,Nicaragua,2025,0,OK,7007502.0,0,2026-07-13,2026-08-20 16:40:35.021
RURAL_POP,SP.RUR.TOTL.ZS,Rural population,Reach & Growth,HIGH,NIC,Nicaragua,2025,0,OK,40.5564107042668,0,2026-07-13,2026-08-20 16:40:34.940
U5_MORTALITY,SH.DYN.MORT,"Mortality rate, under-5",Human Development,HIGH,NIC,Nicaragua,2024,1,OK,11.2,0,2026-07-13,2026-08-20 16:40:34.771
EDUCATION,SE.PRM.CMPT.ZS,"Primary completion rate, total",Human Development,LOW,NER,Niger,2024,1,OK,40.7638928475593,0,2026-07-13,2026-08-20 16:40:35.066
ELECTRICITY,EG.ELC.ACCS.ZS,Access to electricity,Infrastructure & Affordability,LOW,NER,Niger,2024,1,OK,21.3,1,2026-07-13,2026-08-20 16:40:34.894
FRESHWATER_PC,ER.H2O.INTR.PC,Renewable internal freshwater resources per capita,Water Need,LOW,NER,Niger,2022,3,OK,138.274483778882,0,2026-07-13,2026-08-20 16:40:34.738
GDP_PC_PPP,NY.GDP.PCAP.PP.CD,"GDP per capita, PPP",Infrastructure & Affordability,LOW,NER,Niger,2025,0,OK,2177.25014417163,1,2026-07-13,2026-08-20 16:40:34.813
POP_GROWTH,SP.POP.GROW,Population growth,Reach & Growth,HIGH,NER,Niger,2025,0,OK,3.22289981385576,1,2026-07-13,2026-08-20 16:40:34.978
POP_TOTAL,SP.POP.TOTL,Total population,Reach & Growth,HIGH,NER,Niger,2025,0,OK,27917831.0,0,2026-07-13,2026-08-20 16:40:35.021
RURAL_POP,SP.RUR.TOTL.ZS,Rural population,Reach & Growth,HIGH,NER,Niger,2025,0,OK,81.6259302804531,0,2026-07-13,2026-08-20 16:40:34.940
U5_MORTALITY,SH.DYN.MORT,"Mortality rate, under-5",Human Development,HIGH,NER,Niger,2024,1,OK,110.7,0,2026-07-13,2026-08-20 16:40:34.771
ELECTRICITY,EG.ELC.ACCS.ZS,Access to electricity,Infrastructure & Affordability,LOW,NGA,Nigeria,2024,1,OK,62.5,1,2026-07-13,2026-08-20 16:40:34.894
FRESHWATER_PC,ER.H2O.INTR.PC,Renewable internal freshwater resources per capita,Water Need,LOW,NGA,Nigeria,2022,3,OK,990.36124865033,0,2026-07-13,2026-08-20 16:40:34.738
GDP_PC_PPP,NY.GDP.PCAP.PP.CD,"GDP per capita, PPP",Infrastructure & Affordability,LOW,NGA,Nigeria,2025,0,OK,9531.61073275049,1,2026-07-13,2026-08-20 16:40:34.813
POP_GROWTH,SP.POP.GROW,Population growth,Reach & Growth,HIGH,NGA,Nigeria,2025,0,OK,2.06227178599451,1,2026-07-13,2026-08-20 16:40:34.978
POP_TOTAL,SP.POP.TOTL,Total population,Reach & Growth,HIGH,NGA,Nigeria,2025,0,OK,237527782.0,0,2026-07-13,2026-08-20 16:40:35.021
RURAL_POP,SP.RUR.TOTL.ZS,Rural population,Reach & Growth,HIGH,NGA,Nigeria,2025,0,OK,36.2245819532128,0,2026-07-13,2026-08-20 16:40:34.940
U5_MORTALITY,SH.DYN.MORT,"Mortality rate, under-5",Human Development,HIGH,NGA,Nigeria,2024,1,OK,115.6,0,2026-07-13,2026-08-20 16:40:34.771
WATER_ACCESS,SH.H2O.SMDW.ZS,People using safely managed drinking water services,Water Need,LOW,NGA,Nigeria,2024,1,OK,29.904599188308,0,2026-07-13,2026-08-20 16:40:34.666
EDUCATION,SE.PRM.CMPT.ZS,"Primary completion rate, total",Human Development,LOW,MKD,North Macedonia,2023,2,OK,95.7642974853516,0,2026-07-13,2026-08-20 16:40:35.066
ELECTRICITY,EG.ELC.ACCS.ZS,Access to electricity,Infrastructure & Affordability,LOW,MKD,North Macedonia,2024,1,OK,100.0,1,2026-07-13,2026-08-20 16:40:34.894
FRESHWATER_PC,ER.H2O.INTR.PC,Renewable internal freshwater resources per capita,Water Need,LOW,MKD,North Macedonia,2022,3,OK,2948.06170402334,0,2026-07-13,2026-08-20 16:40:34.738
GDP_PC_PPP,NY.GDP.PCAP.PP.CD,"GDP per capita, PPP",Infrastructure & Affordability,LOW,MKD,North Macedonia,2025,0,OK,28028.5664230631,1,2026-07-13,2026-08-20 16:40:34.813
POP_GROWTH,SP.POP.GROW,Population growth,Reach & Growth,HIGH,MKD,North Macedonia,2025,0,OK,-0.189286550678574,1,2026-07-13,2026-08-20 16:40:34.978
POP_TOTAL,SP.POP.TOTL,Total population,Reach & Growth,HIGH,MKD,North Macedonia,2025,0,OK,1820909.0,0,2026-07-13,2026-08-20 16:40:35.021
RURAL_POP,SP.RUR.TOTL.ZS,Rural population,Reach & Growth,HIGH,MKD,North Macedonia,2025,0,OK,37.1090142173964,0,2026-07-13,2026-08-20 16:40:34.940
U5_MORTALITY,SH.DYN.MORT,"Mortality rate, under-5",Human Development,HIGH,MKD,North Macedonia,2024,1,OK,2.8,0,2026-07-13,2026-08-20 16:40:34.771
WATER_ACCESS,SH.H2O.SMDW.ZS,People using safely managed drinking water services,Water Need,LOW,MKD,North Macedonia,2024,1,OK,80.7905414925805,0,2026-07-13,2026-08-20 16:40:34.666
ELECTRICITY,EG.ELC.ACCS.ZS,Access to electricity,Infrastructure & Affordability,LOW,MNP,Northern Mariana Islands,2024,1,OK,100.0,1,2026-07-13,2026-08-20 16:40:34.894
POP_GROWTH,SP.POP.GROW,Population growth,Reach & Growth,HIGH,MNP,Northern Mariana Islands,2025,0,OK,-1.67849167730668,1,2026-07-13,2026-08-20 16:40:34.978
POP_TOTAL,SP.POP.TOTL,Total population,Reach & Growth,HIGH,MNP,Northern Mariana Islands,2025,0,OK,43541.0,0,2026-07-13,2026-08-20 16:40:35.021
RURAL_POP,SP.RUR.TOTL.ZS,Rural population,Reach & Growth,HIGH,MNP,Northern Mariana Islands,2025,0,OK,7.82346163572841,0,2026-07-13,2026-08-20 16:40:34.940
WATER_ACCESS,SH.H2O.SMDW.ZS,People using safely managed drinking water services,Water Need,LOW,MNP,Northern Mariana Islands,2024,1,OK,81.4545454545454,0,2026-07-13,2026-08-20 16:40:34.666
EDUCATION,SE.PRM.CMPT.ZS,"Primary completion rate, total",Human Development,LOW,NOR,Norway,2024,1,OK,98.7130889892578,0,2026-07-13,2026-08-20 16:40:35.066
ELECTRICITY,EG.ELC.ACCS.ZS,Access to electricity,Infrastructure & Affordability,LOW,NOR,Norway,2024,1,OK,100.0,1,2026-07-13,2026-08-20 16:40:34.894
FRESHWATER_PC,ER.H2O.INTR.PC,Renewable internal freshwater resources per capita,Water Need,LOW,NOR,Norway,2022,3,OK,70000.2034037324,0,2026-07-13,2026-08-20 16:40:34.738
GDP_PC_PPP,NY.GDP.PCAP.PP.CD,"GDP per capita, PPP",Infrastructure & Affordability,LOW,NOR,Norway,2025,0,OK,104043.666429243,1,2026-07-13,2026-08-20 16:40:34.813
POP_GROWTH,SP.POP.GROW,Population growth,Reach & Growth,HIGH,NOR,Norway,2025,0,OK,0.690166127329719,1,2026-07-13,2026-08-20 16:40:34.978
POP_TOTAL,SP.POP.TOTL,Total population,Reach & Growth,HIGH,NOR,Norway,2025,0,OK,5610870.0,0,2026-07-13,2026-08-20 16:40:35.021
RURAL_POP,SP.RUR.TOTL.ZS,Rural population,Reach & Growth,HIGH,NOR,Norway,2025,0,OK,16.4294212291674,0,2026-07-13,2026-08-20 16:40:34.940
U5_MORTALITY,SH.DYN.MORT,"Mortality rate, under-5",Human Development,HIGH,NOR,Norway,2024,1,OK,2.5,0,2026-07-13,2026-08-20 16:40:34.771
WATER_ACCESS,SH.H2O.SMDW.ZS,People using safely managed drinking water services,Water Need,LOW,NOR,Norway,2024,1,OK,99.0624830632163,0,2026-07-13,2026-08-20 16:40:34.666
EDUCATION,SE.PRM.CMPT.ZS,"Primary completion rate, total",Human Development,LOW,OMN,Oman,2024,1,OK,92.0681686401367,0,2026-07-13,2026-08-20 16:40:35.066
ELECTRICITY,EG.ELC.ACCS.ZS,Access to electricity,Infrastructure & Affordability,LOW,OMN,Oman,2024,1,OK,100.0,1,2026-07-13,2026-08-20 16:40:34.894
FRESHWATER_PC,ER.H2O.INTR.PC,Renewable internal freshwater resources per capita,Water Need,LOW,OMN,Oman,2022,3,OK,295.968945247014,0,2026-07-13,2026-08-20 16:40:34.738
GDP_PC_PPP,NY.GDP.PCAP.PP.CD,"GDP per capita, PPP",Infrastructure & Affordability,LOW,OMN,Oman,2025,0,OK,42295.1761223734,1,2026-07-13,2026-08-20 16:40:34.813
POP_GROWTH,SP.POP.GROW,Population growth,Reach & Growth,HIGH,OMN,Oman,2025,0,OK,3.95650101545376,1,2026-07-13,2026-08-20 16:40:34.978
POP_TOTAL,SP.POP.TOTL,Total population,Reach & Growth,HIGH,OMN,Oman,2025,0,OK,5494691.0,0,2026-07-13,2026-08-20 16:40:35.021
RURAL_POP,SP.RUR.TOTL.ZS,Rural population,Reach & Growth,HIGH,OMN,Oman,2025,0,OK,20.5218616692311,0,2026-07-13,2026-08-20 16:40:34.940
U5_MORTALITY,SH.DYN.MORT,"Mortality rate, under-5",Human Development,HIGH,OMN,Oman,2024,1,OK,10.3,0,2026-07-13,2026-08-20 16:40:34.771
WATER_ACCESS,SH.H2O.SMDW.ZS,People using safely managed drinking water services,Water Need,LOW,OMN,Oman,2024,1,OK,91.1011744135751,0,2026-07-13,2026-08-20 16:40:34.666
EDUCATION,SE.PRM.CMPT.ZS,"Primary completion rate, total",Human Development,LOW,PAK,Pakistan,2024,1,OK,74.135301829596,0,2026-07-13,2026-08-20 16:40:35.066
ELECTRICITY,EG.ELC.ACCS.ZS,Access to electricity,Infrastructure & Affordability,LOW,PAK,Pakistan,2024,1,OK,95.7,1,2026-07-13,2026-08-20 16:40:34.894
FRESHWATER_PC,ER.H2O.INTR.PC,Renewable internal freshwater resources per capita,Water Need,LOW,PAK,Pakistan,2022,3,OK,225.68670277788,0,2026-07-13,2026-08-20 16:40:34.738
GDP_PC_PPP,NY.GDP.PCAP.PP.CD,"GDP per capita, PPP",Infrastructure & Affordability,LOW,PAK,Pakistan,2025,0,OK,6573.41613369925,1,2026-07-13,2026-08-20 16:40:34.813
POP_GROWTH,SP.POP.GROW,Population growth,Reach & Growth,HIGH,PAK,Pakistan,2025,0,OK,1.55994397009632,1,2026-07-13,2026-08-20 16:40:34.978
POP_TOTAL,SP.POP.TOTL,Total population,Reach & Growth,HIGH,PAK,Pakistan,2025,0,OK,255219554.0,0,2026-07-13,2026-08-20 16:40:35.021
RURAL_POP,SP.RUR.TOTL.ZS,Rural population,Reach & Growth,HIGH,PAK,Pakistan,2025,0,OK,60.4743989020394,0,2026-07-13,2026-08-20 16:40:34.940
U5_MORTALITY,SH.DYN.MORT,"Mortality rate, under-5",Human Development,HIGH,PAK,Pakistan,2024,1,OK,56.0,0,2026-07-13,2026-08-20 16:40:34.771
WATER_ACCESS,SH.H2O.SMDW.ZS,People using safely managed drinking water services,Water Need,LOW,PAK,Pakistan,2024,1,OK,44.9737364064737,0,2026-07-13,2026-08-20 16:40:34.666
EDUCATION,SE.PRM.CMPT.ZS,"Primary completion rate, total",Human Development,LOW,PLW,Palau,2024,1,OK,100.418410041841,0,2026-07-13,2026-08-20 16:40:35.066
ELECTRICITY,EG.ELC.ACCS.ZS,Access to electricity,Infrastructure & Affordability,LOW,PLW,Palau,2024,1,OK,100.0,1,2026-07-13,2026-08-20 16:40:34.894
GDP_PC_PPP,NY.GDP.PCAP.PP.CD,"GDP per capita, PPP",Infrastructure & Affordability,LOW,PLW,Palau,2025,0,OK,23051.6787122681,1,2026-07-13,2026-08-20 16:40:34.813
POP_GROWTH,SP.POP.GROW,Population growth,Reach & Growth,HIGH,PLW,Palau,2025,0,OK,-0.181005762412027,1,2026-07-13,2026-08-20 16:40:34.978
POP_TOTAL,SP.POP.TOTL,Total population,Reach & Growth,HIGH,PLW,Palau,2025,0,OK,17663.0,0,2026-07-13,2026-08-20 16:40:35.021
RURAL_POP,SP.RUR.TOTL.ZS,Rural population,Reach & Growth,HIGH,PLW,Palau,2025,0,OK,20.7164065753444,0,2026-07-13,2026-08-20 16:40:34.940
U5_MORTALITY,SH.DYN.MORT,"Mortality rate, under-5",Human Development,HIGH,PLW,Palau,2024,1,OK,21.4,0,2026-07-13,2026-08-20 16:40:34.771
WATER_ACCESS,SH.H2O.SMDW.ZS,People using safely managed drinking water services,Water Need,LOW,PLW,Palau,2024,1,OK,90.7752173469518,0,2026-07-13,2026-08-20 16:40:34.666
EDUCATION,SE.PRM.CMPT.ZS,"Primary completion rate, total",Human Development,LOW,PAN,Panama,2024,1,OK,96.2007064819336,0,2026-07-13,2026-08-20 16:40:35.066
ELECTRICITY,EG.ELC.ACCS.ZS,Access to electricity,Infrastructure & Affordability,LOW,PAN,Panama,2024,1,OK,96.0,1,2026-07-13,2026-08-20 16:40:34.894
FRESHWATER_PC,ER.H2O.INTR.PC,Renewable internal freshwater resources per capita,Water Need,LOW,PAN,Panama,2022,3,OK,31040.0013815755,0,2026-07-13,2026-08-20 16:40:34.738
GDP_PC_PPP,NY.GDP.PCAP.PP.CD,"GDP per capita, PPP",Infrastructure & Affordability,LOW,PAN,Panama,2025,0,OK,43902.1632084954,1,2026-07-13,2026-08-20 16:40:34.813
POP_GROWTH,SP.POP.GROW,Population growth,Reach & Growth,HIGH,PAN,Panama,2025,0,OK,1.22403711826792,1,2026-07-13,2026-08-20 16:40:34.978
POP_TOTAL,SP.POP.TOTL,Total population,Reach & Growth,HIGH,PAN,Panama,2025,0,OK,4571189.0,0,2026-07-13,2026-08-20 16:40:35.021
RURAL_POP,SP.RUR.TOTL.ZS,Rural population,Reach & Growth,HIGH,PAN,Panama,2025,0,OK,33.8499000581874,0,2026-07-13,2026-08-20 16:40:34.940
U5_MORTALITY,SH.DYN.MORT,"Mortality rate, under-5",Human Development,HIGH,PAN,Panama,2024,1,OK,15.3,0,2026-07-13,2026-08-20 16:40:34.771
EDUCATION,SE.PRM.CMPT.ZS,"Primary completion rate, total",Human Development,LOW,PNG,Papua New Guinea,2023,2,OK,82.7478003932096,0,2026-07-13,2026-08-20 16:40:35.066
ELECTRICITY,EG.ELC.ACCS.ZS,Access to electricity,Infrastructure & Affordability,LOW,PNG,Papua New Guinea,2024,1,OK,43.3,1,2026-07-13,2026-08-20 16:40:34.894
FRESHWATER_PC,ER.H2O.INTR.PC,Renewable internal freshwater resources per capita,Water Need,LOW,PNG,Papua New Guinea,2022,3,OK,78505.0213320979,0,2026-07-13,2026-08-20 16:40:34.738
GDP_PC_PPP,NY.GDP.PCAP.PP.CD,"GDP per capita, PPP",Infrastructure & Affordability,LOW,PNG,Papua New Guinea,2025,0,OK,5214.768271628,1,2026-07-13,2026-08-20 16:40:34.813
POP_GROWTH,SP.POP.GROW,Population growth,Reach & Growth,HIGH,PNG,Papua New Guinea,2025,0,OK,1.74625754996746,1,2026-07-13,2026-08-20 16:40:34.978
POP_TOTAL,SP.POP.TOTL,Total population,Reach & Growth,HIGH,PNG,Papua New Guinea,2025,0,OK,10762817.0,0,2026-07-13,2026-08-20 16:40:35.021
RURAL_POP,SP.RUR.TOTL.ZS,Rural population,Reach & Growth,HIGH,PNG,Papua New Guinea,2025,0,OK,84.2202551319724,0,2026-07-13,2026-08-20 16:40:34.940
U5_MORTALITY,SH.DYN.MORT,"Mortality rate, under-5",Human Development,HIGH,PNG,Papua New Guinea,2024,1,OK,39.4,0,2026-07-13,2026-08-20 16:40:34.771
EDUCATION,SE.PRM.CMPT.ZS,"Primary completion rate, total",Human Development,LOW,PRY,Paraguay,2024,1,OK,88.7082275386775,0,2026-07-13,2026-08-20 16:40:35.066
ELECTRICITY,EG.ELC.ACCS.ZS,Access to electricity,Infrastructure & Affordability,LOW,PRY,Paraguay,2024,1,OK,99.8,1,2026-07-13,2026-08-20 16:40:34.894
FRESHWATER_PC,ER.H2O.INTR.PC,Renewable internal freshwater resources per capita,Water Need,LOW,PRY,Paraguay,2022,3,OK,17306.5044056148,0,2026-07-13,2026-08-20 16:40:34.738
GDP_PC_PPP,NY.GDP.PCAP.PP.CD,"GDP per capita, PPP",Infrastructure & Affordability,LOW,PRY,Paraguay,2025,0,OK,20181.4242826808,1,2026-07-13,2026-08-20 16:40:34.813
POP_GROWTH,SP.POP.GROW,Population growth,Reach & Growth,HIGH,PRY,Paraguay,2025,0,OK,1.20391081847026,1,2026-07-13,2026-08-20 16:40:34.978
POP_TOTAL,SP.POP.TOTL,Total population,Reach & Growth,HIGH,PRY,Paraguay,2025,0,OK,7013078.0,0,2026-07-13,2026-08-20 16:40:35.021
RURAL_POP,SP.RUR.TOTL.ZS,Rural population,Reach & Growth,HIGH,PRY,Paraguay,2025,0,OK,29.6102360144136,0,2026-07-13,2026-08-20 16:40:34.940
U5_MORTALITY,SH.DYN.MORT,"Mortality rate, under-5",Human Development,HIGH,PRY,Paraguay,2024,1,OK,16.3,0,2026-07-13,2026-08-20 16:40:34.771
WATER_ACCESS,SH.H2O.SMDW.ZS,People using safely managed drinking water services,Water Need,LOW,PRY,Paraguay,2024,1,OK,64.3647197417661,0,2026-07-13,2026-08-20 16:40:34.666
EDUCATION,SE.PRM.CMPT.ZS,"Primary completion rate, total",Human Development,LOW,PER,Peru,2019,6,STALE,94.9881591796875,0,2026-07-13,2026-08-20 16:40:35.066
ELECTRICITY,EG.ELC.ACCS.ZS,Access to electricity,Infrastructure & Affordability,LOW,PER,Peru,2024,1,OK,96.5,1,2026-07-13,2026-08-20 16:40:34.894
FRESHWATER_PC,ER.H2O.INTR.PC,Renewable internal freshwater resources per capita,Water Need,LOW,PER,Peru,2022,3,OK,49021.0165435326,0,2026-07-13,2026-08-20 16:40:34.738
GDP_PC_PPP,NY.GDP.PCAP.PP.CD,"GDP per capita, PPP",Infrastructure & Affordability,LOW,PER,Peru,2025,0,OK,18816.1045522938,1,2026-07-13,2026-08-20 16:40:34.813
POP_GROWTH,SP.POP.GROW,Population growth,Reach & Growth,HIGH,PER,Peru,2025,0,OK,1.04316532874658,1,2026-07-13,2026-08-20 16:40:34.978
POP_TOTAL,SP.POP.TOTL,Total population,Reach & Growth,HIGH,PER,Peru,2025,0,OK,34576665.0,0,2026-07-13,2026-08-20 16:40:35.021
RURAL_POP,SP.RUR.TOTL.ZS,Rural population,Reach & Growth,HIGH,PER,Peru,2025,0,OK,14.4036515154537,0,2026-07-13,2026-08-20 16:40:34.940
U5_MORTALITY,SH.DYN.MORT,"Mortality rate, under-5",Human Development,HIGH,PER,Peru,2024,1,OK,12.9,0,2026-07-13,2026-08-20 16:40:34.771
WATER_ACCESS,SH.H2O.SMDW.ZS,People using safely managed drinking water services,Water Need,LOW,PER,Peru,2024,1,OK,49.4283962319206,0,2026-07-13,2026-08-20 16:40:34.666
EDUCATION,SE.PRM.CMPT.ZS,"Primary completion rate, total",Human Development,LOW,PHL,Philippines,2024,1,OK,91.4486011868973,0,2026-07-13,2026-08-20 16:40:35.066
ELECTRICITY,EG.ELC.ACCS.ZS,Access to electricity,Infrastructure & Affordability,LOW,PHL,Philippines,2024,1,OK,94.8,1,2026-07-13,2026-08-20 16:40:34.894
FRESHWATER_PC,ER.H2O.INTR.PC,Renewable internal freshwater resources per capita,Water Need,LOW,PHL,Philippines,2022,3,OK,4203.06920924684,0,2026-07-13,2026-08-20 16:40:34.738
GDP_PC_PPP,NY.GDP.PCAP.PP.CD,"GDP per capita, PPP",Infrastructure & Affordability,LOW,PHL,Philippines,2025,0,OK,12576.9867435109,1,2026-07-13,2026-08-20 16:40:34.813
POP_GROWTH,SP.POP.GROW,Population growth,Reach & Growth,HIGH,PHL,Philippines,2025,0,OK,0.810982768568445,1,2026-07-13,2026-08-20 16:40:34.978
POP_TOTAL,SP.POP.TOTL,Total population,Reach & Growth,HIGH,PHL,Philippines,2025,0,OK,116786962.0,0,2026-07-13,2026-08-20 16:40:35.021
RURAL_POP,SP.RUR.TOTL.ZS,Rural population,Reach & Growth,HIGH,PHL,Philippines,2025,0,OK,44.2267092394668,0,2026-07-13,2026-08-20 16:40:34.940
U5_MORTALITY,SH.DYN.MORT,"Mortality rate, under-5",Human Development,HIGH,PHL,Philippines,2024,1,OK,26.5,0,2026-07-13,2026-08-20 16:40:34.771
WATER_ACCESS,SH.H2O.SMDW.ZS,People using safely managed drinking water services,Water Need,LOW,PHL,Philippines,2024,1,OK,48.4840577441825,0,2026-07-13,2026-08-20 16:40:34.666
EDUCATION,SE.PRM.CMPT.ZS,"Primary completion rate, total",Human Development,LOW,POL,Poland,2019,6,STALE,94.6803894042969,0,2026-07-13,2026-08-20 16:40:35.066
ELECTRICITY,EG.ELC.ACCS.ZS,Access to electricity,Infrastructure & Affordability,LOW,POL,Poland,2024,1,OK,100.0,1,2026-07-13,2026-08-20 16:40:34.894
FRESHWATER_PC,ER.H2O.INTR.PC,Renewable internal freshwater resources per capita,Water Need,LOW,POL,Poland,2022,3,OK,1455.66143531096,0,2026-07-13,2026-08-20 16:40:34.738
GDP_PC_PPP,NY.GDP.PCAP.PP.CD,"GDP per capita, PPP",Infrastructure & Affordability,LOW,POL,Poland,2025,0,OK,54262.4040405236,1,2026-07-13,2026-08-20 16:40:34.813
POP_GROWTH,SP.POP.GROW,Population growth,Reach & Growth,HIGH,POL,Poland,2025,0,OK,-0.338028518667454,1,2026-07-13,2026-08-20 16:40:34.978
POP_TOTAL,SP.POP.TOTL,Total population,Reach & Growth,HIGH,POL,Poland,2025,0,OK,36435861.0,0,2026-07-13,2026-08-20 16:40:35.021
RURAL_POP,SP.RUR.TOTL.ZS,Rural population,Reach & Growth,HIGH,POL,Poland,2025,0,OK,39.9146669690629,0,2026-07-13,2026-08-20 16:40:34.940
U5_MORTALITY,SH.DYN.MORT,"Mortality rate, under-5",Human Development,HIGH,POL,Poland,2024,1,OK,4.2,0,2026-07-13,2026-08-20 16:40:34.771
WATER_ACCESS,SH.H2O.SMDW.ZS,People using safely managed drinking water services,Water Need,LOW,POL,Poland,2024,1,OK,88.6755462509034,0,2026-07-13,2026-08-20 16:40:34.666
EDUCATION,SE.PRM.CMPT.ZS,"Primary completion rate, total",Human Development,LOW,PRT,Portugal,2023,2,OK,104.516647338867,0,2026-07-13,2026-08-20 16:40:35.066
ELECTRICITY,EG.ELC.ACCS.ZS,Access to electricity,Infrastructure & Affordability,LOW,PRT,Portugal,2024,1,OK,100.0,1,2026-07-13,2026-08-20 16:40:34.894
FRESHWATER_PC,ER.H2O.INTR.PC,Renewable internal freshwater resources per capita,Water Need,LOW,PRT,Portugal,2022,3,OK,3641.8239327635,0,2026-07-13,2026-08-20 16:40:34.738
GDP_PC_PPP,NY.GDP.PCAP.PP.CD,"GDP per capita, PPP",Infrastructure & Affordability,LOW,PRT,Portugal,2025,0,OK,53145.7317498942,1,2026-07-13,2026-08-20 16:40:34.813
POP_GROWTH,SP.POP.GROW,Population growth,Reach & Growth,HIGH,PRT,Portugal,2025,0,OK,1.02505359028502,1,2026-07-13,2026-08-20 16:40:34.978
POP_TOTAL,SP.POP.TOTL,Total population,Reach & Growth,HIGH,PRT,Portugal,2025,0,OK,10804871.0,0,2026-07-13,2026-08-20 16:40:35.021
RURAL_POP,SP.RUR.TOTL.ZS,Rural population,Reach & Growth,HIGH,PRT,Portugal,2025,0,OK,38.5046800681015,0,2026-07-13,2026-08-20 16:40:34.940
U5_MORTALITY,SH.DYN.MORT,"Mortality rate, under-5",Human Development,HIGH,PRT,Portugal,2024,1,OK,3.2,0,2026-07-13,2026-08-20 16:40:34.771
WATER_ACCESS,SH.H2O.SMDW.ZS,People using safely managed drinking water services,Water Need,LOW,PRT,Portugal,2024,1,OK,95.2173479483637,0,2026-07-13,2026-08-20 16:40:34.666
EDUCATION,SE.PRM.CMPT.ZS,"Primary completion rate, total",Human Development,LOW,PRI,Puerto Rico (US),2024,1,OK,83.0948819665735,0,2026-07-13,2026-08-20 16:40:35.066
ELECTRICITY,EG.ELC.ACCS.ZS,Access to electricity,Infrastructure & Affordability,LOW,PRI,Puerto Rico (US),2024,1,OK,100.0,1,2026-07-13,2026-08-20 16:40:34.894
FRESHWATER_PC,ER.H2O.INTR.PC,Renewable internal freshwater resources per capita,Water Need,LOW,PRI,Puerto Rico (US),2022,3,OK,2204.86760235865,0,2026-07-13,2026-08-20 16:40:34.738
GDP_PC_PPP,NY.GDP.PCAP.PP.CD,"GDP per capita, PPP",Infrastructure & Affordability,LOW,PRI,Puerto Rico (US),2025,0,OK,52195.5534213472,1,2026-07-13,2026-08-20 16:40:34.813
POP_GROWTH,SP.POP.GROW,Population growth,Reach & Growth,HIGH,PRI,Puerto Rico (US),2025,0,OK,-0.553782979963777,1,2026-07-13,2026-08-20 16:40:34.978
POP_TOTAL,SP.POP.TOTL,Total population,Reach & Growth,HIGH,PRI,Puerto Rico (US),2025,0,OK,3184835.0,0,2026-07-13,2026-08-20 16:40:35.021
RURAL_POP,SP.RUR.TOTL.ZS,Rural population,Reach & Growth,HIGH,PRI,Puerto Rico (US),2025,0,OK,5.6595163401108,0,2026-07-13,2026-08-20 16:40:34.940
WATER_ACCESS,SH.H2O.SMDW.ZS,People using safely managed drinking water services,Water Need,LOW,PRI,Puerto Rico (US),2024,1,OK,98.9402618391431,0,2026-07-13,2026-08-20 16:40:34.666
EDUCATION,SE.PRM.CMPT.ZS,"Primary completion rate, total",Human Development,LOW,QAT,Qatar,2024,1,OK,95.3610382080078,0,2026-07-13,2026-08-20 16:40:35.066
ELECTRICITY,EG.ELC.ACCS.ZS,Access to electricity,Infrastructure & Affordability,LOW,QAT,Qatar,2024,1,OK,100.0,1,2026-07-13,2026-08-20 16:40:34.894
FRESHWATER_PC,ER.H2O.INTR.PC,Renewable internal freshwater resources per capita,Water Need,LOW,QAT,Qatar,2022,3,OK,21.0737607970096,0,2026-07-13,2026-08-20 16:40:34.738
GDP_PC_PPP,NY.GDP.PCAP.PP.CD,"GDP per capita, PPP",Infrastructure & Affordability,LOW,QAT,Qatar,2025,0,OK,128882.934242572,1,2026-07-13,2026-08-20 16:40:34.813
POP_GROWTH,SP.POP.GROW,Population growth,Reach & Growth,HIGH,QAT,Qatar,2025,0,OK,3.92476698437933,1,2026-07-13,2026-08-20 16:40:34.978
POP_TOTAL,SP.POP.TOTL,Total population,Reach & Growth,HIGH,QAT,Qatar,2025,0,OK,2972215.0,0,2026-07-13,2026-08-20 16:40:35.021
RURAL_POP,SP.RUR.TOTL.ZS,Rural population,Reach & Growth,HIGH,QAT,Qatar,2025,0,OK,0.640657230368802,0,2026-07-13,2026-08-20 16:40:34.940
U5_MORTALITY,SH.DYN.MORT,"Mortality rate, under-5",Human Development,HIGH,QAT,Qatar,2024,1,OK,5.9,0,2026-07-13,2026-08-20 16:40:34.771
WATER_ACCESS,SH.H2O.SMDW.ZS,People using safely managed drinking water services,Water Need,LOW,QAT,Qatar,2024,1,OK,95.345241877961,0,2026-07-13,2026-08-20 16:40:34.666
EDUCATION,SE.PRM.CMPT.ZS,"Primary completion rate, total",Human Development,LOW,ROU,Romania,2023,2,OK,80.9689483642578,0,2026-07-13,2026-08-20 16:40:35.066
ELECTRICITY,EG.ELC.ACCS.ZS,Access to electricity,Infrastructure & Affordability,LOW,ROU,Romania,2024,1,OK,100.0,1,2026-07-13,2026-08-20 16:40:34.894
FRESHWATER_PC,ER.H2O.INTR.PC,Renewable internal freshwater resources per capita,Water Need,LOW,ROU,Romania,2022,3,OK,2224.84686722347,0,2026-07-13,2026-08-20 16:40:34.738
GDP_PC_PPP,NY.GDP.PCAP.PP.CD,"GDP per capita, PPP",Infrastructure & Affordability,LOW,ROU,Romania,2025,0,OK,50895.081617639,1,2026-07-13,2026-08-20 16:40:34.813
POP_GROWTH,SP.POP.GROW,Population growth,Reach & Growth,HIGH,ROU,Romania,2025,0,OK,-0.165649007627974,1,2026-07-13,2026-08-20 16:40:34.978
POP_TOTAL,SP.POP.TOTL,Total population,Reach & Growth,HIGH,ROU,Romania,2025,0,OK,19020271.0,0,2026-07-13,2026-08-20 16:40:35.021
RURAL_POP,SP.RUR.TOTL.ZS,Rural population,Reach & Growth,HIGH,ROU,Romania,2025,0,OK,47.8271114958302,0,2026-07-13,2026-08-20 16:40:34.940
U5_MORTALITY,SH.DYN.MORT,"Mortality rate, under-5",Human Development,HIGH,ROU,Romania,2024,1,OK,7.3,0,2026-07-13,2026-08-20 16:40:34.771
WATER_ACCESS,SH.H2O.SMDW.ZS,People using safely managed drinking water services,Water Need,LOW,ROU,Romania,2024,1,OK,82.182992939047,0,2026-07-13,2026-08-20 16:40:34.666
EDUCATION,SE.PRM.CMPT.ZS,"Primary completion rate, total",Human Development,LOW,RUS,Russian Federation,2019,6,STALE,100.024342021158,0,2026-07-13,2026-08-20 16:40:35.066
ELECTRICITY,EG.ELC.ACCS.ZS,Access to electricity,Infrastructure & Affordability,LOW,RUS,Russian Federation,2024,1,OK,100.0,1,2026-07-13,2026-08-20 16:40:34.894
FRESHWATER_PC,ER.H2O.INTR.PC,Renewable internal freshwater resources per capita,Water Need,LOW,RUS,Russian Federation,2022,3,OK,29895.2557456279,0,2026-07-13,2026-08-20 16:40:34.738
GDP_PC_PPP,NY.GDP.PCAP.PP.CD,"GDP per capita, PPP",Infrastructure & Affordability,LOW,RUS,Russian Federation,2025,0,OK,49568.140625,1,2026-07-13,2026-08-20 16:40:34.813
POP_GROWTH,SP.POP.GROW,Population growth,Reach & Growth,HIGH,RUS,Russian Federation,2025,0,OK,-0.108864402490546,1,2026-07-13,2026-08-20 16:40:34.978
POP_TOTAL,SP.POP.TOTL,Total population,Reach & Growth,HIGH,RUS,Russian Federation,2025,0,OK,143513328.0,0,2026-07-13,2026-08-20 16:40:35.021
RURAL_POP,SP.RUR.TOTL.ZS,Rural population,Reach & Growth,HIGH,RUS,Russian Federation,2025,0,OK,24.7493363391785,0,2026-07-13,2026-08-20 16:40:34.940
U5_MORTALITY,SH.DYN.MORT,"Mortality rate, under-5",Human Development,HIGH,RUS,Russian Federation,2024,1,OK,5.2,0,2026-07-13,2026-08-20 16:40:34.771
WATER_ACCESS,SH.H2O.SMDW.ZS,People using safely managed drinking water services,Water Need,LOW,RUS,Russian Federation,2024,1,OK,76.2607294162414,0,2026-07-13,2026-08-20 16:40:34.666
EDUCATION,SE.PRM.CMPT.ZS,"Primary completion rate, total",Human Development,LOW,RWA,Rwanda,2024,1,OK,66.8181034887911,0,2026-07-13,2026-08-20 16:40:35.066
ELECTRICITY,EG.ELC.ACCS.ZS,Access to electricity,Infrastructure & Affordability,LOW,RWA,Rwanda,2024,1,OK,72.0,1,2026-07-13,2026-08-20 16:40:34.894
FRESHWATER_PC,ER.H2O.INTR.PC,Renewable internal freshwater resources per capita,Water Need,LOW,RWA,Rwanda,2022,3,OK,695.918183463079,0,2026-07-13,2026-08-20 16:40:34.738
GDP_PC_PPP,NY.GDP.PCAP.PP.CD,"GDP per capita, PPP",Infrastructure & Affordability,LOW,RWA,Rwanda,2025,0,OK,4164.436605809,1,2026-07-13,2026-08-20 16:40:34.813
POP_GROWTH,SP.POP.GROW,Population growth,Reach & Growth,HIGH,RWA,Rwanda,2025,0,OK,2.17017465948949,1,2026-07-13,2026-08-20 16:40:34.978
POP_TOTAL,SP.POP.TOTL,Total population,Reach & Growth,HIGH,RWA,Rwanda,2025,0,OK,14569341.0,0,2026-07-13,2026-08-20 16:40:35.021
RURAL_POP,SP.RUR.TOTL.ZS,Rural population,Reach & Growth,HIGH,RWA,Rwanda,2025,0,OK,69.0866159071838,0,2026-07-13,2026-08-20 16:40:34.940
U5_MORTALITY,SH.DYN.MORT,"Mortality rate, under-5",Human Development,HIGH,RWA,Rwanda,2024,1,OK,37.7,0,2026-07-13,2026-08-20 16:40:34.771
EDUCATION,SE.PRM.CMPT.ZS,"Primary completion rate, total",Human Development,LOW,WSM,Samoa,2024,1,OK,99.9643546424274,0,2026-07-13,2026-08-20 16:40:35.066
ELECTRICITY,EG.ELC.ACCS.ZS,Access to electricity,Infrastructure & Affordability,LOW,WSM,Samoa,2024,1,OK,100.0,1,2026-07-13,2026-08-20 16:40:34.894
GDP_PC_PPP,NY.GDP.PCAP.PP.CD,"GDP per capita, PPP",Infrastructure & Affordability,LOW,WSM,Samoa,2025,0,OK,9318.95775945515,1,2026-07-13,2026-08-20 16:40:34.813
POP_GROWTH,SP.POP.GROW,Population growth,Reach & Growth,HIGH,WSM,Samoa,2025,0,OK,0.58857998761608,1,2026-07-13,2026-08-20 16:40:34.978
POP_TOTAL,SP.POP.TOTL,Total population,Reach & Growth,HIGH,WSM,Samoa,2025,0,OK,219306.0,0,2026-07-13,2026-08-20 16:40:35.021
RURAL_POP,SP.RUR.TOTL.ZS,Rural population,Reach & Growth,HIGH,WSM,Samoa,2025,0,OK,82.4936125876578,0,2026-07-13,2026-08-20 16:40:34.940
U5_MORTALITY,SH.DYN.MORT,"Mortality rate, under-5",Human Development,HIGH,WSM,Samoa,2024,1,OK,14.9,0,2026-07-13,2026-08-20 16:40:34.771
WATER_ACCESS,SH.H2O.SMDW.ZS,People using safely managed drinking water services,Water Need,LOW,WSM,Samoa,2024,1,OK,62.50194060138,0,2026-07-13,2026-08-20 16:40:34.666
EDUCATION,SE.PRM.CMPT.ZS,"Primary completion rate, total",Human Development,LOW,SMR,San Marino,2024,1,OK,93.4131736526946,0,2026-07-13,2026-08-20 16:40:35.066
ELECTRICITY,EG.ELC.ACCS.ZS,Access to electricity,Infrastructure & Affordability,LOW,SMR,San Marino,2024,1,OK,100.0,1,2026-07-13,2026-08-20 16:40:34.894
GDP_PC_PPP,NY.GDP.PCAP.PP.CD,"GDP per capita, PPP",Infrastructure & Affordability,LOW,SMR,San Marino,2023,2,OK,78810.3378046111,1,2026-07-13,2026-08-20 16:40:34.813
POP_GROWTH,SP.POP.GROW,Population growth,Reach & Growth,HIGH,SMR,San Marino,2025,0,OK,0.387745396648668,1,2026-07-13,2026-08-20 16:40:34.978
POP_TOTAL,SP.POP.TOTL,Total population,Reach & Growth,HIGH,SMR,San Marino,2025,0,OK,34109.0,0,2026-07-13,2026-08-20 16:40:35.021
RURAL_POP,SP.RUR.TOTL.ZS,Rural population,Reach & Growth,HIGH,SMR,San Marino,2025,0,OK,2.8129745828427,0,2026-07-13,2026-08-20 16:40:34.940
U5_MORTALITY,SH.DYN.MORT,"Mortality rate, under-5",Human Development,HIGH,SMR,San Marino,2024,1,OK,1.3,0,2026-07-13,2026-08-20 16:40:34.771
WATER_ACCESS,SH.H2O.SMDW.ZS,People using safely managed drinking water services,Water Need,LOW,SMR,San Marino,2024,1,OK,99.9999961845643,0,2026-07-13,2026-08-20 16:40:34.666
ELECTRICITY,EG.ELC.ACCS.ZS,Access to electricity,Infrastructure & Affordability,LOW,STP,Sao Tome and Principe,2024,1,OK,77.7,1,2026-07-13,2026-08-20 16:40:34.894
FRESHWATER_PC,ER.H2O.INTR.PC,Renewable internal freshwater resources per capita,Water Need,LOW,STP,Sao Tome and Principe,2022,3,OK,9633.01738803827,0,2026-07-13,2026-08-20 16:40:34.738
GDP_PC_PPP,NY.GDP.PCAP.PP.CD,"GDP per capita, PPP",Infrastructure & Affordability,LOW,STP,Sao Tome and Principe,2025,0,OK,6388.47738664299,1,2026-07-13,2026-08-20 16:40:34.813
POP_GROWTH,SP.POP.GROW,Population growth,Reach & Growth,HIGH,STP,Sao Tome and Principe,2025,0,OK,1.98329290197673,1,2026-07-13,2026-08-20 16:40:34.978
POP_TOTAL,SP.POP.TOTL,Total population,Reach & Growth,HIGH,STP,Sao Tome and Principe,2025,0,OK,240254.0,0,2026-07-13,2026-08-20 16:40:35.021
RURAL_POP,SP.RUR.TOTL.ZS,Rural population,Reach & Growth,HIGH,STP,Sao Tome and Principe,2025,0,OK,30.8278134584016,0,2026-07-13,2026-08-20 16:40:34.940
U5_MORTALITY,SH.DYN.MORT,"Mortality rate, under-5",Human Development,HIGH,STP,Sao Tome and Principe,2024,1,OK,13.6,0,2026-07-13,2026-08-20 16:40:34.771
WATER_ACCESS,SH.H2O.SMDW.ZS,People using safely managed drinking water services,Water Need,LOW,STP,Sao Tome and Principe,2024,1,OK,36.6800380926738,0,2026-07-13,2026-08-20 16:40:34.666
EDUCATION,SE.PRM.CMPT.ZS,"Primary completion rate, total",Human Development,LOW,SAU,Saudi Arabia,2024,1,OK,99.3614271083662,0,2026-07-13,2026-08-20 16:40:35.066
ELECTRICITY,EG.ELC.ACCS.ZS,Access to electricity,Infrastructure & Affordability,LOW,SAU,Saudi Arabia,2024,1,OK,100.0,1,2026-07-13,2026-08-20 16:40:34.894
FRESHWATER_PC,ER.H2O.INTR.PC,Renewable internal freshwater resources per capita,Water Need,LOW,SAU,Saudi Arabia,2022,3,OK,74.5915552911147,0,2026-07-13,2026-08-20 16:40:34.738
GDP_PC_PPP,NY.GDP.PCAP.PP.CD,"GDP per capita, PPP",Infrastructure & Affordability,LOW,SAU,Saudi Arabia,2025,0,OK,73783.5613906833,1,2026-07-13,2026-08-20 16:40:34.813
POP_GROWTH,SP.POP.GROW,Population growth,Reach & Growth,HIGH,SAU,Saudi Arabia,2025,0,OK,4.63120314543082,1,2026-07-13,2026-08-20 16:40:34.978
POP_TOTAL,SP.POP.TOTL,Total population,Reach & Growth,HIGH,SAU,Saudi Arabia,2025,0,OK,36973555.0,0,2026-07-13,2026-08-20 16:40:35.021
RURAL_POP,SP.RUR.TOTL.ZS,Rural population,Reach & Growth,HIGH,SAU,Saudi Arabia,2025,0,OK,15.3876878937815,0,2026-07-13,2026-08-20 16:40:34.940
U5_MORTALITY,SH.DYN.MORT,"Mortality rate, under-5",Human Development,HIGH,SAU,Saudi Arabia,2024,1,OK,6.0,0,2026-07-13,2026-08-20 16:40:34.771
EDUCATION,SE.PRM.CMPT.ZS,"Primary completion rate, total",Human Development,LOW,SEN,Senegal,2024,1,OK,62.8559370532489,0,2026-07-13,2026-08-20 16:40:35.066
ELECTRICITY,EG.ELC.ACCS.ZS,Access to electricity,Infrastructure & Affordability,LOW,SEN,Senegal,2024,1,OK,82.9,1,2026-07-13,2026-08-20 16:40:34.894
FRESHWATER_PC,ER.H2O.INTR.PC,Renewable internal freshwater resources per capita,Water Need,LOW,SEN,Senegal,2022,3,OK,1461.66503022502,0,2026-07-13,2026-08-20 16:40:34.738
GDP_PC_PPP,NY.GDP.PCAP.PP.CD,"GDP per capita, PPP",Infrastructure & Affordability,LOW,SEN,Senegal,2025,0,OK,5463.21828561328,1,2026-07-13,2026-08-20 16:40:34.813
POP_GROWTH,SP.POP.GROW,Population growth,Reach & Growth,HIGH,SEN,Senegal,2025,0,OK,2.29738465638923,1,2026-07-13,2026-08-20 16:40:34.978
POP_TOTAL,SP.POP.TOTL,Total population,Reach & Growth,HIGH,SEN,Senegal,2025,0,OK,18931966.0,0,2026-07-13,2026-08-20 16:40:35.021
RURAL_POP,SP.RUR.TOTL.ZS,Rural population,Reach & Growth,HIGH,SEN,Senegal,2025,0,OK,44.2327505544754,0,2026-07-13,2026-08-20 16:40:34.940
U5_MORTALITY,SH.DYN.MORT,"Mortality rate, under-5",Human Development,HIGH,SEN,Senegal,2024,1,OK,36.5,0,2026-07-13,2026-08-20 16:40:34.771
WATER_ACCESS,SH.H2O.SMDW.ZS,People using safely managed drinking water services,Water Need,LOW,SEN,Senegal,2024,1,OK,27.1931407050582,0,2026-07-13,2026-08-20 16:40:34.666
EDUCATION,SE.PRM.CMPT.ZS,"Primary completion rate, total",Human Development,LOW,SRB,Serbia,2022,3,OK,96.0487213134766,0,2026-07-13,2026-08-20 16:40:35.066
ELECTRICITY,EG.ELC.ACCS.ZS,Access to electricity,Infrastructure & Affordability,LOW,SRB,Serbia,2024,1,OK,100.0,1,2026-07-13,2026-08-20 16:40:34.894
FRESHWATER_PC,ER.H2O.INTR.PC,Renewable internal freshwater resources per capita,Water Need,LOW,SRB,Serbia,2022,3,OK,1261.46962787171,0,2026-07-13,2026-08-20 16:40:34.738
GDP_PC_PPP,NY.GDP.PCAP.PP.CD,"GDP per capita, PPP",Infrastructure & Affordability,LOW,SRB,Serbia,2025,0,OK,33909.7605745332,1,2026-07-13,2026-08-20 16:40:34.813
POP_GROWTH,SP.POP.GROW,Population growth,Reach & Growth,HIGH,SRB,Serbia,2025,0,OK,-0.56842544719633,1,2026-07-13,2026-08-20 16:40:34.978
POP_TOTAL,SP.POP.TOTL,Total population,Reach & Growth,HIGH,SRB,Serbia,2025,0,OK,6549143.0,0,2026-07-13,2026-08-20 16:40:35.021
RURAL_POP,SP.RUR.TOTL.ZS,Rural population,Reach & Growth,HIGH,SRB,Serbia,2025,0,OK,37.3620127200667,0,2026-07-13,2026-08-20 16:40:34.940
U5_MORTALITY,SH.DYN.MORT,"Mortality rate, under-5",Human Development,HIGH,SRB,Serbia,2024,1,OK,5.4,0,2026-07-13,2026-08-20 16:40:34.771
WATER_ACCESS,SH.H2O.SMDW.ZS,People using safely managed drinking water services,Water Need,LOW,SRB,Serbia,2024,1,OK,74.9672634764971,0,2026-07-13,2026-08-20 16:40:34.666
EDUCATION,SE.PRM.CMPT.ZS,"Primary completion rate, total",Human Development,LOW,SYC,Seychelles,2024,1,OK,94.2182922363281,0,2026-07-13,2026-08-20 16:40:35.066
ELECTRICITY,EG.ELC.ACCS.ZS,Access to electricity,Infrastructure & Affordability,LOW,SYC,Seychelles,2024,1,OK,100.0,1,2026-07-13,2026-08-20 16:40:34.894
GDP_PC_PPP,NY.GDP.PCAP.PP.CD,"GDP per capita, PPP",Infrastructure & Affordability,LOW,SYC,Seychelles,2025,0,OK,35854.0281615068,1,2026-07-13,2026-08-20 16:40:34.813
POP_GROWTH,SP.POP.GROW,Population growth,Reach & Growth,HIGH,SYC,Seychelles,2025,0,OK,1.12749264749076,1,2026-07-13,2026-08-20 16:40:34.978
POP_TOTAL,SP.POP.TOTL,Total population,Reach & Growth,HIGH,SYC,Seychelles,2025,0,OK,122730.0,0,2026-07-13,2026-08-20 16:40:35.021
RURAL_POP,SP.RUR.TOTL.ZS,Rural population,Reach & Growth,HIGH,SYC,Seychelles,2025,0,OK,54.5171609295391,0,2026-07-13,2026-08-20 16:40:34.940
U5_MORTALITY,SH.DYN.MORT,"Mortality rate, under-5",Human Development,HIGH,SYC,Seychelles,2024,1,OK,14.0,0,2026-07-13,2026-08-20 16:40:34.771
WATER_ACCESS,SH.H2O.SMDW.ZS,People using safely managed drinking water services,Water Need,LOW,SYC,Seychelles,2024,1,OK,64.7022316280556,0,2026-07-13,2026-08-20 16:40:34.666
EDUCATION,SE.PRM.CMPT.ZS,"Primary completion rate, total",Human Development,LOW,SLE,Sierra Leone,2024,1,OK,99.2019664463165,0,2026-07-13,2026-08-20 16:40:35.066
ELECTRICITY,EG.ELC.ACCS.ZS,Access to electricity,Infrastructure & Affordability,LOW,SLE,Sierra Leone,2024,1,OK,39.2,1,2026-07-13,2026-08-20 16:40:34.894
FRESHWATER_PC,ER.H2O.INTR.PC,Renewable internal freshwater resources per capita,Water Need,LOW,SLE,Sierra Leone,2022,3,OK,19331.1261214621,0,2026-07-13,2026-08-20 16:40:34.738
GDP_PC_PPP,NY.GDP.PCAP.PP.CD,"GDP per capita, PPP",Infrastructure & Affordability,LOW,SLE,Sierra Leone,2025,0,OK,3716.89410482498,1,2026-07-13,2026-08-20 16:40:34.813
POP_GROWTH,SP.POP.GROW,Population growth,Reach & Growth,HIGH,SLE,Sierra Leone,2025,0,OK,2.03619305233604,1,2026-07-13,2026-08-20 16:40:34.978
POP_TOTAL,SP.POP.TOTL,Total population,Reach & Growth,HIGH,SLE,Sierra Leone,2025,0,OK,8819794.0,0,2026-07-13,2026-08-20 16:40:35.021
RURAL_POP,SP.RUR.TOTL.ZS,Rural population,Reach & Growth,HIGH,SLE,Sierra Leone,2025,0,OK,54.0732218643319,0,2026-07-13,2026-08-20 16:40:34.940
U5_MORTALITY,SH.DYN.MORT,"Mortality rate, under-5",Human Development,HIGH,SLE,Sierra Leone,2024,1,OK,90.5,0,2026-07-13,2026-08-20 16:40:34.771
WATER_ACCESS,SH.H2O.SMDW.ZS,People using safely managed drinking water services,Water Need,LOW,SLE,Sierra Leone,2024,1,OK,10.8953836036255,0,2026-07-13,2026-08-20 16:40:34.666
EDUCATION,SE.PRM.CMPT.ZS,"Primary completion rate, total",Human Development,LOW,SGP,Singapore,2023,2,OK,96.8465629805147,0,2026-07-13,2026-08-20 16:40:35.066
ELECTRICITY,EG.ELC.ACCS.ZS,Access to electricity,Infrastructure & Affordability,LOW,SGP,Singapore,2024,1,OK,100.0,1,2026-07-13,2026-08-20 16:40:34.894
FRESHWATER_PC,ER.H2O.INTR.PC,Renewable internal freshwater resources per capita,Water Need,LOW,SGP,Singapore,2022,3,OK,106.439180120283,0,2026-07-13,2026-08-20 16:40:34.738
GDP_PC_PPP,NY.GDP.PCAP.PP.CD,"GDP per capita, PPP",Infrastructure & Affordability,LOW,SGP,Singapore,2025,0,OK,163353.990260152,1,2026-07-13,2026-08-20 16:40:34.813
POP_GROWTH,SP.POP.GROW,Population growth,Reach & Growth,HIGH,SGP,Singapore,2025,0,OK,1.22350531679895,1,2026-07-13,2026-08-20 16:40:34.978
POP_TOTAL,SP.POP.TOTL,Total population,Reach & Growth,HIGH,SGP,Singapore,2025,0,OK,6111175.0,0,2026-07-13,2026-08-20 16:40:35.021
RURAL_POP,SP.RUR.TOTL.ZS,Rural population,Reach & Growth,HIGH,SGP,Singapore,2025,0,OK,0.0,0,2026-07-13,2026-08-20 16:40:34.940
U5_MORTALITY,SH.DYN.MORT,"Mortality rate, under-5",Human Development,HIGH,SGP,Singapore,2024,1,OK,2.7,0,2026-07-13,2026-08-20 16:40:34.771
WATER_ACCESS,SH.H2O.SMDW.ZS,People using safely managed drinking water services,Water Need,LOW,SGP,Singapore,2024,1,OK,100.0,0,2026-07-13,2026-08-20 16:40:34.666
ELECTRICITY,EG.ELC.ACCS.ZS,Access to electricity,Infrastructure & Affordability,LOW,SXM,Sint Maarten (Dutch part),2024,1,OK,100.0,1,2026-07-13,2026-08-20 16:40:34.894
GDP_PC_PPP,NY.GDP.PCAP.PP.CD,"GDP per capita, PPP",Infrastructure & Affordability,LOW,SXM,Sint Maarten (Dutch part),2025,0,OK,56490.5015205836,1,2026-07-13,2026-08-20 16:40:34.813
POP_GROWTH,SP.POP.GROW,Population growth,Reach & Growth,HIGH,SXM,Sint Maarten (Dutch part),2025,0,OK,1.3131397652904,1,2026-07-13,2026-08-20 16:40:34.978
POP_TOTAL,SP.POP.TOTL,Total population,Reach & Growth,HIGH,SXM,Sint Maarten (Dutch part),2025,0,OK,43923.0,0,2026-07-13,2026-08-20 16:40:35.021
RURAL_POP,SP.RUR.TOTL.ZS,Rural population,Reach & Growth,HIGH,SXM,Sint Maarten (Dutch part),2025,0,OK,0.0,0,2026-07-13,2026-08-20 16:40:34.940
EDUCATION,SE.PRM.CMPT.ZS,"Primary completion rate, total",Human Development,LOW,SVK,Slovak Republic,2024,1,OK,98.359977722168,0,2026-07-13,2026-08-20 16:40:35.066
ELECTRICITY,EG.ELC.ACCS.ZS,Access to electricity,Infrastructure & Affordability,LOW,SVK,Slovak Republic,2024,1,OK,100.0,1,2026-07-13,2026-08-20 16:40:34.894
FRESHWATER_PC,ER.H2O.INTR.PC,Renewable internal freshwater resources per capita,Water Need,LOW,SVK,Slovak Republic,2022,3,OK,2319.6935353455,0,2026-07-13,2026-08-20 16:40:34.738
GDP_PC_PPP,NY.GDP.PCAP.PP.CD,"GDP per capita, PPP",Infrastructure & Affordability,LOW,SVK,Slovak Republic,2025,0,OK,49308.7048471448,1,2026-07-13,2026-08-20 16:40:34.813
POP_GROWTH,SP.POP.GROW,Population growth,Reach & Growth,HIGH,SVK,Slovak Republic,2025,0,OK,-0.152382641257418,1,2026-07-13,2026-08-20 16:40:34.978
POP_TOTAL,SP.POP.TOTL,Total population,Reach & Growth,HIGH,SVK,Slovak Republic,2025,0,OK,5413813.0,0,2026-07-13,2026-08-20 16:40:35.021
RURAL_POP,SP.RUR.TOTL.ZS,Rural population,Reach & Growth,HIGH,SVK,Slovak Republic,2025,0,OK,46.8059658028831,0,2026-07-13,2026-08-20 16:40:34.940
U5_MORTALITY,SH.DYN.MORT,"Mortality rate, under-5",Human Development,HIGH,SVK,Slovak Republic,2024,1,OK,6.3,0,2026-07-13,2026-08-20 16:40:34.771
WATER_ACCESS,SH.H2O.SMDW.ZS,People using safely managed drinking water services,Water Need,LOW,SVK,Slovak Republic,2024,1,OK,99.5715569148418,0,2026-07-13,2026-08-20 16:40:34.666
EDUCATION,SE.PRM.CMPT.ZS,"Primary completion rate, total",Human Development,LOW,SVN,Slovenia,2023,2,OK,97.4238586425781,0,2026-07-13,2026-08-20 16:40:35.066
ELECTRICITY,EG.ELC.ACCS.ZS,Access to electricity,Infrastructure & Affordability,LOW,SVN,Slovenia,2024,1,OK,100.0,1,2026-07-13,2026-08-20 16:40:34.894
FRESHWATER_PC,ER.H2O.INTR.PC,Renewable internal freshwater resources per capita,Water Need,LOW,SVN,Slovenia,2022,3,OK,8839.64402796112,0,2026-07-13,2026-08-20 16:40:34.738
GDP_PC_PPP,NY.GDP.PCAP.PP.CD,"GDP per capita, PPP",Infrastructure & Affordability,LOW,SVN,Slovenia,2025,0,OK,59244.7106359661,1,2026-07-13,2026-08-20 16:40:34.813
POP_GROWTH,SP.POP.GROW,Population growth,Reach & Growth,HIGH,SVN,Slovenia,2025,0,OK,0.168420657387838,1,2026-07-13,2026-08-20 16:40:34.978
POP_TOTAL,SP.POP.TOTL,Total population,Reach & Growth,HIGH,SVN,Slovenia,2025,0,OK,2130986.0,0,2026-07-13,2026-08-20 16:40:35.021
RURAL_POP,SP.RUR.TOTL.ZS,Rural population,Reach & Growth,HIGH,SVN,Slovenia,2025,0,OK,44.0093002154178,0,2026-07-13,2026-08-20 16:40:34.940
U5_MORTALITY,SH.DYN.MORT,"Mortality rate, under-5",Human Development,HIGH,SVN,Slovenia,2024,1,OK,2.3,0,2026-07-13,2026-08-20 16:40:34.771
WATER_ACCESS,SH.H2O.SMDW.ZS,People using safely managed drinking water services,Water Need,LOW,SVN,Slovenia,2024,1,OK,99.5745942010052,0,2026-07-13,2026-08-20 16:40:34.666
EDUCATION,SE.PRM.CMPT.ZS,"Primary completion rate, total",Human Development,LOW,SLB,Solomon Islands,2024,1,OK,70.453849254774,0,2026-07-13,2026-08-20 16:40:35.066
ELECTRICITY,EG.ELC.ACCS.ZS,Access to electricity,Infrastructure & Affordability,LOW,SLB,Solomon Islands,2024,1,OK,81.5,1,2026-07-13,2026-08-20 16:40:34.894
FRESHWATER_PC,ER.H2O.INTR.PC,Renewable internal freshwater resources per capita,Water Need,LOW,SLB,Solomon Islands,2022,3,OK,57229.4786868203,0,2026-07-13,2026-08-20 16:40:34.738
GDP_PC_PPP,NY.GDP.PCAP.PP.CD,"GDP per capita, PPP",Infrastructure & Affordability,LOW,SLB,Solomon Islands,2025,0,OK,2787.61656406214,1,2026-07-13,2026-08-20 16:40:34.813
POP_GROWTH,SP.POP.GROW,Population growth,Reach & Growth,HIGH,SLB,Solomon Islands,2025,0,OK,2.34616812843002,1,2026-07-13,2026-08-20 16:40:34.978
POP_TOTAL,SP.POP.TOTL,Total population,Reach & Growth,HIGH,SLB,Solomon Islands,2025,0,OK,838645.0,0,2026-07-13,2026-08-20 16:40:35.021
RURAL_POP,SP.RUR.TOTL.ZS,Rural population,Reach & Growth,HIGH,SLB,Solomon Islands,2025,0,OK,68.6906809674582,0,2026-07-13,2026-08-20 16:40:34.940
U5_MORTALITY,SH.DYN.MORT,"Mortality rate, under-5",Human Development,HIGH,SLB,Solomon Islands,2024,1,OK,20.0,0,2026-07-13,2026-08-20 16:40:34.771
ELECTRICITY,EG.ELC.ACCS.ZS,Access to electricity,Infrastructure & Affordability,LOW,SOM,"Somalia, Fed. Rep.",2024,1,OK,54.4,1,2026-07-13,2026-08-20 16:40:34.894
FRESHWATER_PC,ER.H2O.INTR.PC,Renewable internal freshwater resources per capita,Water Need,LOW,SOM,"Somalia, Fed. Rep.",2022,3,OK,337.042732018953,0,2026-07-13,2026-08-20 16:40:34.738
GDP_PC_PPP,NY.GDP.PCAP.PP.CD,"GDP per capita, PPP",Infrastructure & Affordability,LOW,SOM,"Somalia, Fed. Rep.",2025,0,OK,1642.77032278186,1,2026-07-13,2026-08-20 16:40:34.813
POP_GROWTH,SP.POP.GROW,Population growth,Reach & Growth,HIGH,SOM,"Somalia, Fed. Rep.",2025,0,OK,3.3397984923678,1,2026-07-13,2026-08-20 16:40:34.978
POP_TOTAL,SP.POP.TOTL,Total population,Reach & Growth,HIGH,SOM,"Somalia, Fed. Rep.",2025,0,OK,19654739.0,0,2026-07-13,2026-08-20 16:40:35.021
RURAL_POP,SP.RUR.TOTL.ZS,Rural population,Reach & Growth,HIGH,SOM,"Somalia, Fed. Rep.",2025,0,OK,44.8600937127024,0,2026-07-13,2026-08-20 16:40:34.940
U5_MORTALITY,SH.DYN.MORT,"Mortality rate, under-5",Human Development,HIGH,SOM,"Somalia, Fed. Rep.",2024,1,OK,101.1,0,2026-07-13,2026-08-20 16:40:34.771
EDUCATION,SE.PRM.CMPT.ZS,"Primary completion rate, total",Human Development,LOW,ZAF,South Africa,2023,2,OK,95.3327484577974,0,2026-07-13,2026-08-20 16:40:35.066
ELECTRICITY,EG.ELC.ACCS.ZS,Access to electricity,Infrastructure & Affordability,LOW,ZAF,South Africa,2024,1,OK,90.2,1,2026-07-13,2026-08-20 16:40:34.894
FRESHWATER_PC,ER.H2O.INTR.PC,Renewable internal freshwater resources per capita,Water Need,LOW,ZAF,South Africa,2022,3,OK,718.197209579404,0,2026-07-13,2026-08-20 16:40:34.738
GDP_PC_PPP,NY.GDP.PCAP.PP.CD,"GDP per capita, PPP",Infrastructure & Affordability,LOW,ZAF,South Africa,2025,0,OK,15905.6794419658,1,2026-07-13,2026-08-20 16:40:34.813
POP_GROWTH,SP.POP.GROW,Population growth,Reach & Growth,HIGH,ZAF,South Africa,2025,0,OK,1.14969203871645,1,2026-07-13,2026-08-20 16:40:34.978
POP_TOTAL,SP.POP.TOTL,Total population,Reach & Growth,HIGH,ZAF,South Africa,2025,0,OK,64747319.0,0,2026-07-13,2026-08-20 16:40:35.021
RURAL_POP,SP.RUR.TOTL.ZS,Rural population,Reach & Growth,HIGH,ZAF,South Africa,2025,0,OK,36.1845988997478,0,2026-07-13,2026-08-20 16:40:34.940
U5_MORTALITY,SH.DYN.MORT,"Mortality rate, under-5",Human Development,HIGH,ZAF,South Africa,2024,1,OK,35.1,0,2026-07-13,2026-08-20 16:40:34.771
WATER_ACCESS,SH.H2O.SMDW.ZS,People using safely managed drinking water services,Water Need,LOW,ZAF,South Africa,2024,1,OK,68.0075638755656,0,2026-07-13,2026-08-20 16:40:34.666
ELECTRICITY,EG.ELC.ACCS.ZS,Access to electricity,Infrastructure & Affordability,LOW,SSD,South Sudan,2024,1,OK,5.4,1,2026-07-13,2026-08-20 16:40:34.894
FRESHWATER_PC,ER.H2O.INTR.PC,Renewable internal freshwater resources per capita,Water Need,LOW,SSD,South Sudan,2022,3,OK,2359.09467745596,0,2026-07-13,2026-08-20 16:40:34.738
POP_GROWTH,SP.POP.GROW,Population growth,Reach & Growth,HIGH,SSD,South Sudan,2025,0,OK,2.0337018417734,1,2026-07-13,2026-08-20 16:40:34.978
POP_TOTAL,SP.POP.TOTL,Total population,Reach & Growth,HIGH,SSD,South Sudan,2025,0,OK,12188788.0,0,2026-07-13,2026-08-20 16:40:35.021
RURAL_POP,SP.RUR.TOTL.ZS,Rural population,Reach & Growth,HIGH,SSD,South Sudan,2025,0,OK,78.3156400982599,0,2026-07-13,2026-08-20 16:40:34.940
U5_MORTALITY,SH.DYN.MORT,"Mortality rate, under-5",Human Development,HIGH,SSD,South Sudan,2024,1,OK,96.7,0,2026-07-13,2026-08-20 16:40:34.771
EDUCATION,SE.PRM.CMPT.ZS,"Primary completion rate, total",Human Development,LOW,ESP,Spain,2024,1,OK,98.5145568847656,0,2026-07-13,2026-08-20 16:40:35.066
ELECTRICITY,EG.ELC.ACCS.ZS,Access to electricity,Infrastructure & Affordability,LOW,ESP,Spain,2024,1,OK,100.0,1,2026-07-13,2026-08-20 16:40:34.894
FRESHWATER_PC,ER.H2O.INTR.PC,Renewable internal freshwater resources per capita,Water Need,LOW,ESP,Spain,2022,3,OK,2327.03642577919,0,2026-07-13,2026-08-20 16:40:34.738
GDP_PC_PPP,NY.GDP.PCAP.PP.CD,"GDP per capita, PPP",Infrastructure & Affordability,LOW,ESP,Spain,2025,0,OK,59867.6944716701,1,2026-07-13,2026-08-20 16:40:34.813
POP_GROWTH,SP.POP.GROW,Population growth,Reach & Growth,HIGH,ESP,Spain,2025,0,OK,1.03113431966787,1,2026-07-13,2026-08-20 16:40:34.978
POP_TOTAL,SP.POP.TOTL,Total population,Reach & Growth,HIGH,ESP,Spain,2025,0,OK,49355143.0,0,2026-07-13,2026-08-20 16:40:35.021
RURAL_POP,SP.RUR.TOTL.ZS,Rural population,Reach & Growth,HIGH,ESP,Spain,2025,0,OK,19.4850748960862,0,2026-07-13,2026-08-20 16:40:34.940
U5_MORTALITY,SH.DYN.MORT,"Mortality rate, under-5",Human Development,HIGH,ESP,Spain,2024,1,OK,3.2,0,2026-07-13,2026-08-20 16:40:34.771
WATER_ACCESS,SH.H2O.SMDW.ZS,People using safely managed drinking water services,Water Need,LOW,ESP,Spain,2024,1,OK,99.4584646653876,0,2026-07-13,2026-08-20 16:40:34.666
EDUCATION,SE.PRM.CMPT.ZS,"Primary completion rate, total",Human Development,LOW,LKA,Sri Lanka,2023,2,OK,94.542850980354,0,2026-07-13,2026-08-20 16:40:35.066
ELECTRICITY,EG.ELC.ACCS.ZS,Access to electricity,Infrastructure & Affordability,LOW,LKA,Sri Lanka,2024,1,OK,100.0,1,2026-07-13,2026-08-20 16:40:34.894
FRESHWATER_PC,ER.H2O.INTR.PC,Renewable internal freshwater resources per capita,Water Need,LOW,LKA,Sri Lanka,2022,3,OK,2380.41567106983,0,2026-07-13,2026-08-20 16:40:34.738
GDP_PC_PPP,NY.GDP.PCAP.PP.CD,"GDP per capita, PPP",Infrastructure & Affordability,LOW,LKA,Sri Lanka,2025,0,OK,17065.0298635432,1,2026-07-13,2026-08-20 16:40:34.813
POP_GROWTH,SP.POP.GROW,Population growth,Reach & Growth,HIGH,LKA,Sri Lanka,2025,0,OK,-0.732738211545502,1,2026-07-13,2026-08-20 16:40:34.978
POP_TOTAL,SP.POP.TOTL,Total population,Reach & Growth,HIGH,LKA,Sri Lanka,2025,0,OK,21756000.0,0,2026-07-13,2026-08-20 16:40:35.021
RURAL_POP,SP.RUR.TOTL.ZS,Rural population,Reach & Growth,HIGH,LKA,Sri Lanka,2025,0,OK,79.5498644832063,0,2026-07-13,2026-08-20 16:40:34.940
U5_MORTALITY,SH.DYN.MORT,"Mortality rate, under-5",Human Development,HIGH,LKA,Sri Lanka,2024,1,OK,5.9,0,2026-07-13,2026-08-20 16:40:34.771
WATER_ACCESS,SH.H2O.SMDW.ZS,People using safely managed drinking water services,Water Need,LOW,LKA,Sri Lanka,2024,1,OK,46.9329705143603,0,2026-07-13,2026-08-20 16:40:34.666
EDUCATION,SE.PRM.CMPT.ZS,"Primary completion rate, total",Human Development,LOW,KNA,St. Kitts and Nevis,2023,2,OK,124.306688417618,0,2026-07-13,2026-08-20 16:40:35.066
ELECTRICITY,EG.ELC.ACCS.ZS,Access to electricity,Infrastructure & Affordability,LOW,KNA,St. Kitts and Nevis,2024,1,OK,100.0,1,2026-07-13,2026-08-20 16:40:34.894
FRESHWATER_PC,ER.H2O.INTR.PC,Renewable internal freshwater resources per capita,Water Need,LOW,KNA,St. Kitts and Nevis,2022,3,OK,513.819606499818,0,2026-07-13,2026-08-20 16:40:34.738
GDP_PC_PPP,NY.GDP.PCAP.PP.CD,"GDP per capita, PPP",Infrastructure & Affordability,LOW,KNA,St. Kitts and Nevis,2025,0,OK,36777.262691657,1,2026-07-13,2026-08-20 16:40:34.813
POP_GROWTH,SP.POP.GROW,Population growth,Reach & Growth,HIGH,KNA,St. Kitts and Nevis,2025,0,OK,0.168506412185747,1,2026-07-13,2026-08-20 16:40:34.978
POP_TOTAL,SP.POP.TOTL,Total population,Reach & Growth,HIGH,KNA,St. Kitts and Nevis,2025,0,OK,46922.0,0,2026-07-13,2026-08-20 16:40:35.021
RURAL_POP,SP.RUR.TOTL.ZS,Rural population,Reach & Growth,HIGH,KNA,St. Kitts and Nevis,2025,0,OK,68.1012286861717,0,2026-07-13,2026-08-20 16:40:34.940
U5_MORTALITY,SH.DYN.MORT,"Mortality rate, under-5",Human Development,HIGH,KNA,St. Kitts and Nevis,2024,1,OK,15.9,0,2026-07-13,2026-08-20 16:40:34.771
EDUCATION,SE.PRM.CMPT.ZS,"Primary completion rate, total",Human Development,LOW,LCA,St. Lucia,2024,1,OK,97.3821989528796,0,2026-07-13,2026-08-20 16:40:35.066
ELECTRICITY,EG.ELC.ACCS.ZS,Access to electricity,Infrastructure & Affordability,LOW,LCA,St. Lucia,2024,1,OK,100.0,1,2026-07-13,2026-08-20 16:40:34.894
FRESHWATER_PC,ER.H2O.INTR.PC,Renewable internal freshwater resources per capita,Water Need,LOW,LCA,St. Lucia,2022,3,OK,1678.03066321365,0,2026-07-13,2026-08-20 16:40:34.738
GDP_PC_PPP,NY.GDP.PCAP.PP.CD,"GDP per capita, PPP",Infrastructure & Affordability,LOW,LCA,St. Lucia,2025,0,OK,28673.8437920214,1,2026-07-13,2026-08-20 16:40:34.813
POP_GROWTH,SP.POP.GROW,Population growth,Reach & Growth,HIGH,LCA,St. Lucia,2025,0,OK,0.225066989889272,1,2026-07-13,2026-08-20 16:40:34.978
POP_TOTAL,SP.POP.TOTL,Total population,Reach & Growth,HIGH,LCA,St. Lucia,2025,0,OK,180149.0,0,2026-07-13,2026-08-20 16:40:35.021
RURAL_POP,SP.RUR.TOTL.ZS,Rural population,Reach & Growth,HIGH,LCA,St. Lucia,2025,0,OK,70.903428868893,0,2026-07-13,2026-08-20 16:40:34.940
U5_MORTALITY,SH.DYN.MORT,"Mortality rate, under-5",Human Development,HIGH,LCA,St. Lucia,2024,1,OK,17.2,0,2026-07-13,2026-08-20 16:40:34.771
ELECTRICITY,EG.ELC.ACCS.ZS,Access to electricity,Infrastructure & Affordability,LOW,MAF,St. Martin (French part),2024,1,OK,100.0,1,2026-07-13,2026-08-20 16:40:34.894
POP_GROWTH,SP.POP.GROW,Population growth,Reach & Growth,HIGH,MAF,St. Martin (French part),2025,0,OK,-4.65327729336626,1,2026-07-13,2026-08-20 16:40:34.978
POP_TOTAL,SP.POP.TOTL,Total population,Reach & Growth,HIGH,MAF,St. Martin (French part),2025,0,OK,24941.0,0,2026-07-13,2026-08-20 16:40:35.021
RURAL_POP,SP.RUR.TOTL.ZS,Rural population,Reach & Growth,HIGH,MAF,St. Martin (French part),2025,0,OK,0.0,0,2026-07-13,2026-08-20 16:40:34.940
WATER_ACCESS,SH.H2O.SMDW.ZS,People using safely managed drinking water services,Water Need,LOW,MAF,St. Martin (French part),2024,1,OK,96.6254814641877,0,2026-07-13,2026-08-20 16:40:34.666
EDUCATION,SE.PRM.CMPT.ZS,"Primary completion rate, total",Human Development,LOW,VCT,St. Vincent and the Grenadines,2024,1,OK,108.965517241379,0,2026-07-13,2026-08-20 16:40:35.066
ELECTRICITY,EG.ELC.ACCS.ZS,Access to electricity,Infrastructure & Affordability,LOW,VCT,St. Vincent and the Grenadines,2024,1,OK,100.0,1,2026-07-13,2026-08-20 16:40:34.894
FRESHWATER_PC,ER.H2O.INTR.PC,Renewable internal freshwater resources per capita,Water Need,LOW,VCT,St. Vincent and the Grenadines,2022,3,OK,979.950218528899,0,2026-07-13,2026-08-20 16:40:34.738
GDP_PC_PPP,NY.GDP.PCAP.PP.CD,"GDP per capita, PPP",Infrastructure & Affordability,LOW,VCT,St. Vincent and the Grenadines,2025,0,OK,22799.4005332261,1,2026-07-13,2026-08-20 16:40:34.813
POP_GROWTH,SP.POP.GROW,Population growth,Reach & Growth,HIGH,VCT,St. Vincent and the Grenadines,2025,0,OK,-0.690139370317183,1,2026-07-13,2026-08-20 16:40:34.978
POP_TOTAL,SP.POP.TOTL,Total population,Reach & Growth,HIGH,VCT,St. Vincent and the Grenadines,2025,0,OK,99924.0,0,2026-07-13,2026-08-20 16:40:35.021
RURAL_POP,SP.RUR.TOTL.ZS,Rural population,Reach & Growth,HIGH,VCT,St. Vincent and the Grenadines,2025,0,OK,52.0189519618179,0,2026-07-13,2026-08-20 16:40:34.940
U5_MORTALITY,SH.DYN.MORT,"Mortality rate, under-5",Human Development,HIGH,VCT,St. Vincent and the Grenadines,2024,1,OK,11.3,0,2026-07-13,2026-08-20 16:40:34.771
EDUCATION,SE.PRM.CMPT.ZS,"Primary completion rate, total",Human Development,LOW,SDN,Sudan,2019,6,STALE,60.1234397888184,0,2026-07-13,2026-08-20 16:40:35.066
ELECTRICITY,EG.ELC.ACCS.ZS,Access to electricity,Infrastructure & Affordability,LOW,SDN,Sudan,2024,1,OK,66.0,1,2026-07-13,2026-08-20 16:40:34.894
FRESHWATER_PC,ER.H2O.INTR.PC,Renewable internal freshwater resources per capita,Water Need,LOW,SDN,Sudan,2022,3,OK,80.9989667366808,0,2026-07-13,2026-08-20 16:40:34.738
GDP_PC_PPP,NY.GDP.PCAP.PP.CD,"GDP per capita, PPP",Infrastructure & Affordability,LOW,SDN,Sudan,2025,0,OK,2192.27221679688,1,2026-07-13,2026-08-20 16:40:34.813
POP_GROWTH,SP.POP.GROW,Population growth,Reach & Growth,HIGH,SDN,Sudan,2025,0,OK,2.3763155422004,1,2026-07-13,2026-08-20 16:40:34.978
POP_TOTAL,SP.POP.TOTL,Total population,Reach & Growth,HIGH,SDN,Sudan,2025,0,OK,51662147.0,0,2026-07-13,2026-08-20 16:40:35.021
RURAL_POP,SP.RUR.TOTL.ZS,Rural population,Reach & Growth,HIGH,SDN,Sudan,2025,0,OK,65.0650555033395,0,2026-07-13,2026-08-20 16:40:34.940
U5_MORTALITY,SH.DYN.MORT,"Mortality rate, under-5",Human Development,HIGH,SDN,Sudan,2024,1,OK,61.6,0,2026-07-13,2026-08-20 16:40:34.771
EDUCATION,SE.PRM.CMPT.ZS,"Primary completion rate, total",Human Development,LOW,SUR,Suriname,2021,4,OK,75.2395629882812,0,2026-07-13,2026-08-20 16:40:35.066
ELECTRICITY,EG.ELC.ACCS.ZS,Access to electricity,Infrastructure & Affordability,LOW,SUR,Suriname,2024,1,OK,99.0,1,2026-07-13,2026-08-20 16:40:34.894
FRESHWATER_PC,ER.H2O.INTR.PC,Renewable internal freshwater resources per capita,Water Need,LOW,SUR,Suriname,2022,3,OK,158866.686779082,0,2026-07-13,2026-08-20 16:40:34.738
GDP_PC_PPP,NY.GDP.PCAP.PP.CD,"GDP per capita, PPP",Infrastructure & Affordability,LOW,SUR,Suriname,2025,0,OK,22652.3952637959,1,2026-07-13,2026-08-20 16:40:34.813
POP_GROWTH,SP.POP.GROW,Population growth,Reach & Growth,HIGH,SUR,Suriname,2025,0,OK,0.850523968746845,1,2026-07-13,2026-08-20 16:40:34.978
POP_TOTAL,SP.POP.TOTL,Total population,Reach & Growth,HIGH,SUR,Suriname,2025,0,OK,639850.0,0,2026-07-13,2026-08-20 16:40:35.021
RURAL_POP,SP.RUR.TOTL.ZS,Rural population,Reach & Growth,HIGH,SUR,Suriname,2025,0,OK,34.2113163593294,0,2026-07-13,2026-08-20 16:40:34.940
U5_MORTALITY,SH.DYN.MORT,"Mortality rate, under-5",Human Development,HIGH,SUR,Suriname,2024,1,OK,15.8,0,2026-07-13,2026-08-20 16:40:34.771
WATER_ACCESS,SH.H2O.SMDW.ZS,People using safely managed drinking water services,Water Need,LOW,SUR,Suriname,2024,1,OK,55.8472410362348,0,2026-07-13,2026-08-20 16:40:34.666
EDUCATION,SE.PRM.CMPT.ZS,"Primary completion rate, total",Human Development,LOW,SWE,Sweden,2024,1,OK,99.8379974365234,0,2026-07-13,2026-08-20 16:40:35.066
ELECTRICITY,EG.ELC.ACCS.ZS,Access to electricity,Infrastructure & Affordability,LOW,SWE,Sweden,2024,1,OK,100.0,1,2026-07-13,2026-08-20 16:40:34.894
FRESHWATER_PC,ER.H2O.INTR.PC,Renewable internal freshwater resources per capita,Water Need,LOW,SWE,Sweden,2022,3,OK,16305.9942837478,0,2026-07-13,2026-08-20 16:40:34.738
GDP_PC_PPP,NY.GDP.PCAP.PP.CD,"GDP per capita, PPP",Infrastructure & Affordability,LOW,SWE,Sweden,2025,0,OK,72528.8892631159,1,2026-07-13,2026-08-20 16:40:34.813
POP_GROWTH,SP.POP.GROW,Population growth,Reach & Growth,HIGH,SWE,Sweden,2025,0,OK,0.254281358853672,1,2026-07-13,2026-08-20 16:40:34.978
POP_TOTAL,SP.POP.TOTL,Total population,Reach & Growth,HIGH,SWE,Sweden,2025,0,OK,10596620.0,0,2026-07-13,2026-08-20 16:40:35.021
RURAL_POP,SP.RUR.TOTL.ZS,Rural population,Reach & Growth,HIGH,SWE,Sweden,2025,0,OK,10.9221322210445,0,2026-07-13,2026-08-20 16:40:34.940
U5_MORTALITY,SH.DYN.MORT,"Mortality rate, under-5",Human Development,HIGH,SWE,Sweden,2024,1,OK,2.4,0,2026-07-13,2026-08-20 16:40:34.771
WATER_ACCESS,SH.H2O.SMDW.ZS,People using safely managed drinking water services,Water Need,LOW,SWE,Sweden,2024,1,OK,99.7607966673045,0,2026-07-13,2026-08-20 16:40:34.666
EDUCATION,SE.PRM.CMPT.ZS,"Primary completion rate, total",Human Development,LOW,CHE,Switzerland,2024,1,OK,94.0101089477539,0,2026-07-13,2026-08-20 16:40:35.066
ELECTRICITY,EG.ELC.ACCS.ZS,Access to electricity,Infrastructure & Affordability,LOW,CHE,Switzerland,2024,1,OK,100.0,1,2026-07-13,2026-08-20 16:40:34.894
FRESHWATER_PC,ER.H2O.INTR.PC,Renewable internal freshwater resources per capita,Water Need,LOW,CHE,Switzerland,2022,3,OK,4602.89335141678,0,2026-07-13,2026-08-20 16:40:34.738
GDP_PC_PPP,NY.GDP.PCAP.PP.CD,"GDP per capita, PPP",Infrastructure & Affordability,LOW,CHE,Switzerland,2025,0,OK,102513.347221899,1,2026-07-13,2026-08-20 16:40:34.813
POP_GROWTH,SP.POP.GROW,Population growth,Reach & Growth,HIGH,CHE,Switzerland,2025,0,OK,0.95982517858888,1,2026-07-13,2026-08-20 16:40:34.978
POP_TOTAL,SP.POP.TOTL,Total population,Reach & Growth,HIGH,CHE,Switzerland,2025,0,OK,9092436.0,0,2026-07-13,2026-08-20 16:40:35.021
RURAL_POP,SP.RUR.TOTL.ZS,Rural population,Reach & Growth,HIGH,CHE,Switzerland,2025,0,OK,14.2727842197244,0,2026-07-13,2026-08-20 16:40:34.940
U5_MORTALITY,SH.DYN.MORT,"Mortality rate, under-5",Human Development,HIGH,CHE,Switzerland,2024,1,OK,3.9,0,2026-07-13,2026-08-20 16:40:34.771
WATER_ACCESS,SH.H2O.SMDW.ZS,People using safely managed drinking water services,Water Need,LOW,CHE,Switzerland,2024,1,OK,96.6999968881937,0,2026-07-13,2026-08-20 16:40:34.666
EDUCATION,SE.PRM.CMPT.ZS,"Primary completion rate, total",Human Development,LOW,SYR,Syrian Arab Republic,2024,1,OK,60.1269912719727,0,2026-07-13,2026-08-20 16:40:35.066
ELECTRICITY,EG.ELC.ACCS.ZS,Access to electricity,Infrastructure & Affordability,LOW,SYR,Syrian Arab Republic,2024,1,OK,89.3,1,2026-07-13,2026-08-20 16:40:34.894
FRESHWATER_PC,ER.H2O.INTR.PC,Renewable internal freshwater resources per capita,Water Need,LOW,SYR,Syrian Arab Republic,2022,3,OK,317.51157824312,0,2026-07-13,2026-08-20 16:40:34.738
GDP_PC_PPP,NY.GDP.PCAP.PP.CD,"GDP per capita, PPP",Infrastructure & Affordability,LOW,SYR,Syrian Arab Republic,2022,3,OK,4905.15252202552,1,2026-07-13,2026-08-20 16:40:34.813
POP_GROWTH,SP.POP.GROW,Population growth,Reach & Growth,HIGH,SYR,Syrian Arab Republic,2025,0,OK,3.76901619394327,1,2026-07-13,2026-08-20 16:40:34.978
POP_TOTAL,SP.POP.TOTL,Total population,Reach & Growth,HIGH,SYR,Syrian Arab Republic,2025,0,OK,25620427.0,0,2026-07-13,2026-08-20 16:40:35.021
RURAL_POP,SP.RUR.TOTL.ZS,Rural population,Reach & Growth,HIGH,SYR,Syrian Arab Republic,2025,0,OK,27.9163713791482,0,2026-07-13,2026-08-20 16:40:34.940
U5_MORTALITY,SH.DYN.MORT,"Mortality rate, under-5",Human Development,HIGH,SYR,Syrian Arab Republic,2024,1,OK,18.4,0,2026-07-13,2026-08-20 16:40:34.771
ELECTRICITY,EG.ELC.ACCS.ZS,Access to electricity,Infrastructure & Affordability,LOW,TJK,Tajikistan,2024,1,OK,99.9,1,2026-07-13,2026-08-20 16:40:34.894
FRESHWATER_PC,ER.H2O.INTR.PC,Renewable internal freshwater resources per capita,Water Need,LOW,TJK,Tajikistan,2022,3,OK,6232.43138874796,0,2026-07-13,2026-08-20 16:40:34.738
GDP_PC_PPP,NY.GDP.PCAP.PP.CD,"GDP per capita, PPP",Infrastructure & Affordability,LOW,TJK,Tajikistan,2025,0,OK,5923.47183321348,1,2026-07-13,2026-08-20 16:40:34.813
POP_GROWTH,SP.POP.GROW,Population growth,Reach & Growth,HIGH,TJK,Tajikistan,2025,0,OK,1.83193545840317,1,2026-07-13,2026-08-20 16:40:34.978
POP_TOTAL,SP.POP.TOTL,Total population,Reach & Growth,HIGH,TJK,Tajikistan,2025,0,OK,10786734.0,0,2026-07-13,2026-08-20 16:40:35.021
RURAL_POP,SP.RUR.TOTL.ZS,Rural population,Reach & Growth,HIGH,TJK,Tajikistan,2025,0,OK,73.83523729147,0,2026-07-13,2026-08-20 16:40:34.940
U5_MORTALITY,SH.DYN.MORT,"Mortality rate, under-5",Human Development,HIGH,TJK,Tajikistan,2024,1,OK,28.1,0,2026-07-13,2026-08-20 16:40:34.771
WATER_ACCESS,SH.H2O.SMDW.ZS,People using safely managed drinking water services,Water Need,LOW,TJK,Tajikistan,2024,1,OK,65.1080715172931,0,2026-07-13,2026-08-20 16:40:34.666
EDUCATION,SE.PRM.CMPT.ZS,"Primary completion rate, total",Human Development,LOW,TZA,Tanzania,2024,1,OK,77.3311793094267,0,2026-07-13,2026-08-20 16:40:35.066
ELECTRICITY,EG.ELC.ACCS.ZS,Access to electricity,Infrastructure & Affordability,LOW,TZA,Tanzania,2024,1,OK,52.4,1,2026-07-13,2026-08-20 16:40:34.894
FRESHWATER_PC,ER.H2O.INTR.PC,Renewable internal freshwater resources per capita,Water Need,LOW,TZA,Tanzania,2022,3,OK,1298.06268316881,0,2026-07-13,2026-08-20 16:40:34.738
GDP_PC_PPP,NY.GDP.PCAP.PP.CD,"GDP per capita, PPP",Infrastructure & Affordability,LOW,TZA,Tanzania,2025,0,OK,4470.9541015625,1,2026-07-13,2026-08-20 16:40:34.813
POP_GROWTH,SP.POP.GROW,Population growth,Reach & Growth,HIGH,TZA,Tanzania,2025,0,OK,2.85515014149945,1,2026-07-13,2026-08-20 16:40:34.978
POP_TOTAL,SP.POP.TOTL,Total population,Reach & Growth,HIGH,TZA,Tanzania,2025,0,OK,70545865.0,0,2026-07-13,2026-08-20 16:40:35.021
RURAL_POP,SP.RUR.TOTL.ZS,Rural population,Reach & Growth,HIGH,TZA,Tanzania,2025,0,OK,63.1166884063357,0,2026-07-13,2026-08-20 16:40:34.940
U5_MORTALITY,SH.DYN.MORT,"Mortality rate, under-5",Human Development,HIGH,TZA,Tanzania,2024,1,OK,37.0,0,2026-07-13,2026-08-20 16:40:34.771
WATER_ACCESS,SH.H2O.SMDW.ZS,People using safely managed drinking water services,Water Need,LOW,TZA,Tanzania,2024,1,OK,31.3253989476029,0,2026-07-13,2026-08-20 16:40:34.666
EDUCATION,SE.PRM.CMPT.ZS,"Primary completion rate, total",Human Development,LOW,THA,Thailand,2025,0,OK,107.071112896746,0,2026-07-13,2026-08-20 16:40:35.066
ELECTRICITY,EG.ELC.ACCS.ZS,Access to electricity,Infrastructure & Affordability,LOW,THA,Thailand,2024,1,OK,100.0,1,2026-07-13,2026-08-20 16:40:34.894
FRESHWATER_PC,ER.H2O.INTR.PC,Renewable internal freshwater resources per capita,Water Need,LOW,THA,Thailand,2022,3,OK,3129.69917514423,0,2026-07-13,2026-08-20 16:40:34.738
GDP_PC_PPP,NY.GDP.PCAP.PP.CD,"GDP per capita, PPP",Infrastructure & Affordability,LOW,THA,Thailand,2025,0,OK,26250.0723587304,1,2026-07-13,2026-08-20 16:40:34.813
POP_GROWTH,SP.POP.GROW,Population growth,Reach & Growth,HIGH,THA,Thailand,2025,0,OK,-0.0672045728198196,1,2026-07-13,2026-08-20 16:40:34.978
POP_TOTAL,SP.POP.TOTL,Total population,Reach & Growth,HIGH,THA,Thailand,2025,0,OK,71619863.0,0,2026-07-13,2026-08-20 16:40:35.021
RURAL_POP,SP.RUR.TOTL.ZS,Rural population,Reach & Growth,HIGH,THA,Thailand,2025,0,OK,37.2006622863704,0,2026-07-13,2026-08-20 16:40:34.940
U5_MORTALITY,SH.DYN.MORT,"Mortality rate, under-5",Human Development,HIGH,THA,Thailand,2024,1,OK,9.0,0,2026-07-13,2026-08-20 16:40:34.771
EDUCATION,SE.PRM.CMPT.ZS,"Primary completion rate, total",Human Development,LOW,TLS,Timor-Leste,2023,2,OK,93.210472040185,0,2026-07-13,2026-08-20 16:40:35.066
ELECTRICITY,EG.ELC.ACCS.ZS,Access to electricity,Infrastructure & Affordability,LOW,TLS,Timor-Leste,2024,1,OK,94.3,1,2026-07-13,2026-08-20 16:40:34.894
FRESHWATER_PC,ER.H2O.INTR.PC,Renewable internal freshwater resources per capita,Water Need,LOW,TLS,Timor-Leste,2022,3,OK,5999.43766682855,0,2026-07-13,2026-08-20 16:40:34.738
GDP_PC_PPP,NY.GDP.PCAP.PP.CD,"GDP per capita, PPP",Infrastructure & Affordability,LOW,TLS,Timor-Leste,2025,0,OK,4809.49016945191,1,2026-07-13,2026-08-20 16:40:34.813
POP_GROWTH,SP.POP.GROW,Population growth,Reach & Growth,HIGH,TLS,Timor-Leste,2025,0,OK,1.26841125849065,1,2026-07-13,2026-08-20 16:40:34.978
POP_TOTAL,SP.POP.TOTL,Total population,Reach & Growth,HIGH,TLS,Timor-Leste,2025,0,OK,1418517.0,0,2026-07-13,2026-08-20 16:40:35.021
RURAL_POP,SP.RUR.TOTL.ZS,Rural population,Reach & Growth,HIGH,TLS,Timor-Leste,2025,0,OK,71.2135681039065,0,2026-07-13,2026-08-20 16:40:34.940
U5_MORTALITY,SH.DYN.MORT,"Mortality rate, under-5",Human Development,HIGH,TLS,Timor-Leste,2024,1,OK,47.6,0,2026-07-13,2026-08-20 16:40:34.771
EDUCATION,SE.PRM.CMPT.ZS,"Primary completion rate, total",Human Development,LOW,TGO,Togo,2024,1,OK,91.2193185348845,0,2026-07-13,2026-08-20 16:40:35.066
ELECTRICITY,EG.ELC.ACCS.ZS,Access to electricity,Infrastructure & Affordability,LOW,TGO,Togo,2024,1,OK,61.1,1,2026-07-13,2026-08-20 16:40:34.894
FRESHWATER_PC,ER.H2O.INTR.PC,Renewable internal freshwater resources per capita,Water Need,LOW,TGO,Togo,2022,3,OK,1425.27541278455,0,2026-07-13,2026-08-20 16:40:34.738
GDP_PC_PPP,NY.GDP.PCAP.PP.CD,"GDP per capita, PPP",Infrastructure & Affordability,LOW,TGO,Togo,2025,0,OK,4079.36376686718,1,2026-07-13,2026-08-20 16:40:34.813
POP_GROWTH,SP.POP.GROW,Population growth,Reach & Growth,HIGH,TGO,Togo,2025,0,OK,2.17758924189303,1,2026-07-13,2026-08-20 16:40:34.978
POP_TOTAL,SP.POP.TOTL,Total population,Reach & Growth,HIGH,TGO,Togo,2025,0,OK,8591626.0,0,2026-07-13,2026-08-20 16:40:35.021
RURAL_POP,SP.RUR.TOTL.ZS,Rural population,Reach & Growth,HIGH,TGO,Togo,2025,0,OK,55.6050107925601,0,2026-07-13,2026-08-20 16:40:34.940
U5_MORTALITY,SH.DYN.MORT,"Mortality rate, under-5",Human Development,HIGH,TGO,Togo,2024,1,OK,56.1,0,2026-07-13,2026-08-20 16:40:34.771
WATER_ACCESS,SH.H2O.SMDW.ZS,People using safely managed drinking water services,Water Need,LOW,TGO,Togo,2024,1,OK,20.5232352790187,0,2026-07-13,2026-08-20 16:40:34.666
EDUCATION,SE.PRM.CMPT.ZS,"Primary completion rate, total",Human Development,LOW,TON,Tonga,2024,1,OK,108.081210191083,0,2026-07-13,2026-08-20 16:40:35.066
ELECTRICITY,EG.ELC.ACCS.ZS,Access to electricity,Infrastructure & Affordability,LOW,TON,Tonga,2024,1,OK,100.0,1,2026-07-13,2026-08-20 16:40:34.894
GDP_PC_PPP,NY.GDP.PCAP.PP.CD,"GDP per capita, PPP",Infrastructure & Affordability,LOW,TON,Tonga,2025,0,OK,8674.68048447494,1,2026-07-13,2026-08-20 16:40:34.813
POP_GROWTH,SP.POP.GROW,Population growth,Reach & Growth,HIGH,TON,Tonga,2025,0,OK,-0.416512960445247,1,2026-07-13,2026-08-20 16:40:34.978
POP_TOTAL,SP.POP.TOTL,Total population,Reach & Growth,HIGH,TON,Tonga,2025,0,OK,103742.0,0,2026-07-13,2026-08-20 16:40:35.021
RURAL_POP,SP.RUR.TOTL.ZS,Rural population,Reach & Growth,HIGH,TON,Tonga,2025,0,OK,78.8438593782552,0,2026-07-13,2026-08-20 16:40:34.940
U5_MORTALITY,SH.DYN.MORT,"Mortality rate, under-5",Human Development,HIGH,TON,Tonga,2024,1,OK,9.5,0,2026-07-13,2026-08-20 16:40:34.771
WATER_ACCESS,SH.H2O.SMDW.ZS,People using safely managed drinking water services,Water Need,LOW,TON,Tonga,2024,1,OK,29.5984543183511,0,2026-07-13,2026-08-20 16:40:34.666
EDUCATION,SE.PRM.CMPT.ZS,"Primary completion rate, total",Human Development,LOW,TTO,Trinidad and Tobago,2023,2,OK,91.5974807739258,0,2026-07-13,2026-08-20 16:40:35.066
ELECTRICITY,EG.ELC.ACCS.ZS,Access to electricity,Infrastructure & Affordability,LOW,TTO,Trinidad and Tobago,2024,1,OK,100.0,1,2026-07-13,2026-08-20 16:40:34.894
FRESHWATER_PC,ER.H2O.INTR.PC,Renewable internal freshwater resources per capita,Water Need,LOW,TTO,Trinidad and Tobago,2022,3,OK,2811.52873213965,0,2026-07-13,2026-08-20 16:40:34.738
GDP_PC_PPP,NY.GDP.PCAP.PP.CD,"GDP per capita, PPP",Infrastructure & Affordability,LOW,TTO,Trinidad and Tobago,2025,0,OK,37121.2050020847,1,2026-07-13,2026-08-20 16:40:34.813
POP_GROWTH,SP.POP.GROW,Population growth,Reach & Growth,HIGH,TTO,Trinidad and Tobago,2025,0,OK,-0.0415920932776015,1,2026-07-13,2026-08-20 16:40:34.978
POP_TOTAL,SP.POP.TOTL,Total population,Reach & Growth,HIGH,TTO,Trinidad and Tobago,2025,0,OK,1367764.0,0,2026-07-13,2026-08-20 16:40:35.021
RURAL_POP,SP.RUR.TOTL.ZS,Rural population,Reach & Growth,HIGH,TTO,Trinidad and Tobago,2025,0,OK,46.0303912582894,0,2026-07-13,2026-08-20 16:40:34.940
U5_MORTALITY,SH.DYN.MORT,"Mortality rate, under-5",Human Development,HIGH,TTO,Trinidad and Tobago,2024,1,OK,18.8,0,2026-07-13,2026-08-20 16:40:34.771
WATER_ACCESS,SH.H2O.SMDW.ZS,People using safely managed drinking water services,Water Need,LOW,TTO,Trinidad and Tobago,2024,1,OK,69.3692626736132,0,2026-07-13,2026-08-20 16:40:34.666
EDUCATION,SE.PRM.CMPT.ZS,"Primary completion rate, total",Human Development,LOW,TUN,Tunisia,2021,4,OK,93.6258392333984,0,2026-07-13,2026-08-20 16:40:35.066
ELECTRICITY,EG.ELC.ACCS.ZS,Access to electricity,Infrastructure & Affordability,LOW,TUN,Tunisia,2024,1,OK,100.0,1,2026-07-13,2026-08-20 16:40:34.894
FRESHWATER_PC,ER.H2O.INTR.PC,Renewable internal freshwater resources per capita,Water Need,LOW,TUN,Tunisia,2022,3,OK,346.141132837828,0,2026-07-13,2026-08-20 16:40:34.738
GDP_PC_PPP,NY.GDP.PCAP.PP.CD,"GDP per capita, PPP",Infrastructure & Affordability,LOW,TUN,Tunisia,2025,0,OK,15233.4885842318,1,2026-07-13,2026-08-20 16:40:34.813
POP_GROWTH,SP.POP.GROW,Population growth,Reach & Growth,HIGH,TUN,Tunisia,2025,0,OK,0.580403828948731,1,2026-07-13,2026-08-20 16:40:34.978
POP_TOTAL,SP.POP.TOTL,Total population,Reach & Growth,HIGH,TUN,Tunisia,2025,0,OK,12348573.0,0,2026-07-13,2026-08-20 16:40:35.021
RURAL_POP,SP.RUR.TOTL.ZS,Rural population,Reach & Growth,HIGH,TUN,Tunisia,2025,0,OK,29.2970673990136,0,2026-07-13,2026-08-20 16:40:34.940
U5_MORTALITY,SH.DYN.MORT,"Mortality rate, under-5",Human Development,HIGH,TUN,Tunisia,2024,1,OK,12.1,0,2026-07-13,2026-08-20 16:40:34.771
WATER_ACCESS,SH.H2O.SMDW.ZS,People using safely managed drinking water services,Water Need,LOW,TUN,Tunisia,2024,1,OK,64.9781072145301,0,2026-07-13,2026-08-20 16:40:34.666
EDUCATION,SE.PRM.CMPT.ZS,"Primary completion rate, total",Human Development,LOW,TUR,Turkiye,2023,2,OK,90.6154174804688,0,2026-07-13,2026-08-20 16:40:35.066
ELECTRICITY,EG.ELC.ACCS.ZS,Access to electricity,Infrastructure & Affordability,LOW,TUR,Turkiye,2024,1,OK,100.0,1,2026-07-13,2026-08-20 16:40:34.894
FRESHWATER_PC,ER.H2O.INTR.PC,Renewable internal freshwater resources per capita,Water Need,LOW,TUR,Turkiye,2022,3,OK,2671.21949159915,0,2026-07-13,2026-08-20 16:40:34.738
GDP_PC_PPP,NY.GDP.PCAP.PP.CD,"GDP per capita, PPP",Infrastructure & Affordability,LOW,TUR,Turkiye,2025,0,OK,45288.4750285273,1,2026-07-13,2026-08-20 16:40:34.813
POP_GROWTH,SP.POP.GROW,Population growth,Reach & Growth,HIGH,TUR,Turkiye,2025,0,OK,0.419954927193433,1,2026-07-13,2026-08-20 16:40:34.978
POP_TOTAL,SP.POP.TOTL,Total population,Reach & Growth,HIGH,TUR,Turkiye,2025,0,OK,85878556.0,0,2026-07-13,2026-08-20 16:40:35.021
RURAL_POP,SP.RUR.TOTL.ZS,Rural population,Reach & Growth,HIGH,TUR,Turkiye,2025,0,OK,10.505939997814,0,2026-07-13,2026-08-20 16:40:34.940
U5_MORTALITY,SH.DYN.MORT,"Mortality rate, under-5",Human Development,HIGH,TUR,Turkiye,2024,1,OK,9.6,0,2026-07-13,2026-08-20 16:40:34.771
EDUCATION,SE.PRM.CMPT.ZS,"Primary completion rate, total",Human Development,LOW,TKM,Turkmenistan,2024,1,OK,98.5906181260967,0,2026-07-13,2026-08-20 16:40:35.066
ELECTRICITY,EG.ELC.ACCS.ZS,Access to electricity,Infrastructure & Affordability,LOW,TKM,Turkmenistan,2024,1,OK,100.0,1,2026-07-13,2026-08-20 16:40:34.894
FRESHWATER_PC,ER.H2O.INTR.PC,Renewable internal freshwater resources per capita,Water Need,LOW,TKM,Turkmenistan,2022,3,OK,194.323996607006,0,2026-07-13,2026-08-20 16:40:34.738
GDP_PC_PPP,NY.GDP.PCAP.PP.CD,"GDP per capita, PPP",Infrastructure & Affordability,LOW,TKM,Turkmenistan,2025,0,OK,22601.5518373128,1,2026-07-13,2026-08-20 16:40:34.813
POP_GROWTH,SP.POP.GROW,Population growth,Reach & Growth,HIGH,TKM,Turkmenistan,2025,0,OK,1.64558945876185,1,2026-07-13,2026-08-20 16:40:34.978
POP_TOTAL,SP.POP.TOTL,Total population,Reach & Growth,HIGH,TKM,Turkmenistan,2025,0,OK,7618847.0,0,2026-07-13,2026-08-20 16:40:35.021
RURAL_POP,SP.RUR.TOTL.ZS,Rural population,Reach & Growth,HIGH,TKM,Turkmenistan,2025,0,OK,52.8946391746253,0,2026-07-13,2026-08-20 16:40:34.940
U5_MORTALITY,SH.DYN.MORT,"Mortality rate, under-5",Human Development,HIGH,TKM,Turkmenistan,2024,1,OK,39.0,0,2026-07-13,2026-08-20 16:40:34.771
WATER_ACCESS,SH.H2O.SMDW.ZS,People using safely managed drinking water services,Water Need,LOW,TKM,Turkmenistan,2024,1,OK,94.8535459177809,0,2026-07-13,2026-08-20 16:40:34.666
EDUCATION,SE.PRM.CMPT.ZS,"Primary completion rate, total",Human Development,LOW,TCA,Turks and Caicos Islands,2024,1,OK,132.421052631579,0,2026-07-13,2026-08-20 16:40:35.066
ELECTRICITY,EG.ELC.ACCS.ZS,Access to electricity,Infrastructure & Affordability,LOW,TCA,Turks and Caicos Islands,2024,1,OK,100.0,1,2026-07-13,2026-08-20 16:40:34.894
GDP_PC_PPP,NY.GDP.PCAP.PP.CD,"GDP per capita, PPP",Infrastructure & Affordability,LOW,TCA,Turks and Caicos Islands,2024,1,OK,38009.5079479808,1,2026-07-13,2026-08-20 16:40:34.813
POP_GROWTH,SP.POP.GROW,Population growth,Reach & Growth,HIGH,TCA,Turks and Caicos Islands,2025,0,OK,0.685300893811321,1,2026-07-13,2026-08-20 16:40:34.978
POP_TOTAL,SP.POP.TOTL,Total population,Reach & Growth,HIGH,TCA,Turks and Caicos Islands,2025,0,OK,46855.0,0,2026-07-13,2026-08-20 16:40:35.021
RURAL_POP,SP.RUR.TOTL.ZS,Rural population,Reach & Growth,HIGH,TCA,Turks and Caicos Islands,2025,0,OK,5.6040549279178,0,2026-07-13,2026-08-20 16:40:34.940
U5_MORTALITY,SH.DYN.MORT,"Mortality rate, under-5",Human Development,HIGH,TCA,Turks and Caicos Islands,2024,1,OK,4.7,0,2026-07-13,2026-08-20 16:40:34.771
WATER_ACCESS,SH.H2O.SMDW.ZS,People using safely managed drinking water services,Water Need,LOW,TCA,Turks and Caicos Islands,2024,1,OK,47.0499187664591,0,2026-07-13,2026-08-20 16:40:34.666
EDUCATION,SE.PRM.CMPT.ZS,"Primary completion rate, total",Human Development,LOW,TUV,Tuvalu,2024,1,OK,95.1456310679612,0,2026-07-13,2026-08-20 16:40:35.066
ELECTRICITY,EG.ELC.ACCS.ZS,Access to electricity,Infrastructure & Affordability,LOW,TUV,Tuvalu,2024,1,OK,100.0,1,2026-07-13,2026-08-20 16:40:34.894
GDP_PC_PPP,NY.GDP.PCAP.PP.CD,"GDP per capita, PPP",Infrastructure & Affordability,LOW,TUV,Tuvalu,2025,0,OK,6759.27941373717,1,2026-07-13,2026-08-20 16:40:34.813
POP_GROWTH,SP.POP.GROW,Population growth,Reach & Growth,HIGH,TUV,Tuvalu,2025,0,OK,-1.6093983073263,1,2026-07-13,2026-08-20 16:40:34.978
POP_TOTAL,SP.POP.TOTL,Total population,Reach & Growth,HIGH,TUV,Tuvalu,2025,0,OK,9492.0,0,2026-07-13,2026-08-20 16:40:35.021
RURAL_POP,SP.RUR.TOTL.ZS,Rural population,Reach & Growth,HIGH,TUV,Tuvalu,2025,0,OK,34.5519290474907,0,2026-07-13,2026-08-20 16:40:34.940
U5_MORTALITY,SH.DYN.MORT,"Mortality rate, under-5",Human Development,HIGH,TUV,Tuvalu,2024,1,OK,19.2,0,2026-07-13,2026-08-20 16:40:34.771
WATER_ACCESS,SH.H2O.SMDW.ZS,People using safely managed drinking water services,Water Need,LOW,TUV,Tuvalu,2024,1,OK,8.72255043279915,0,2026-07-13,2026-08-20 16:40:34.666
ELECTRICITY,EG.ELC.ACCS.ZS,Access to electricity,Infrastructure & Affordability,LOW,UGA,Uganda,2024,1,OK,55.3,1,2026-07-13,2026-08-20 16:40:34.894
FRESHWATER_PC,ER.H2O.INTR.PC,Renewable internal freshwater resources per capita,Water Need,LOW,UGA,Uganda,2022,3,OK,824.302657389021,0,2026-07-13,2026-08-20 16:40:34.738
GDP_PC_PPP,NY.GDP.PCAP.PP.CD,"GDP per capita, PPP",Infrastructure & Affordability,LOW,UGA,Uganda,2025,0,OK,3487.69797525182,1,2026-07-13,2026-08-20 16:40:34.813
POP_GROWTH,SP.POP.GROW,Population growth,Reach & Growth,HIGH,UGA,Uganda,2025,0,OK,2.70194383324801,1,2026-07-13,2026-08-20 16:40:34.978
POP_TOTAL,SP.POP.TOTL,Total population,Reach & Growth,HIGH,UGA,Uganda,2025,0,OK,51384894.0,0,2026-07-13,2026-08-20 16:40:35.021
RURAL_POP,SP.RUR.TOTL.ZS,Rural population,Reach & Growth,HIGH,UGA,Uganda,2025,0,OK,68.0600442463383,0,2026-07-13,2026-08-20 16:40:34.940
U5_MORTALITY,SH.DYN.MORT,"Mortality rate, under-5",Human Development,HIGH,UGA,Uganda,2024,1,OK,48.7,0,2026-07-13,2026-08-20 16:40:34.771
WATER_ACCESS,SH.H2O.SMDW.ZS,People using safely managed drinking water services,Water Need,LOW,UGA,Uganda,2024,1,OK,18.0971227782691,0,2026-07-13,2026-08-20 16:40:34.666
EDUCATION,SE.PRM.CMPT.ZS,"Primary completion rate, total",Human Development,LOW,UKR,Ukraine,2024,1,OK,94.5724487304688,0,2026-07-13,2026-08-20 16:40:35.066
ELECTRICITY,EG.ELC.ACCS.ZS,Access to electricity,Infrastructure & Affordability,LOW,UKR,Ukraine,2024,1,OK,100.0,1,2026-07-13,2026-08-20 16:40:34.894
FRESHWATER_PC,ER.H2O.INTR.PC,Renewable internal freshwater resources per capita,Water Need,LOW,UKR,Ukraine,2022,3,OK,1342.30588076631,0,2026-07-13,2026-08-20 16:40:34.738
GDP_PC_PPP,NY.GDP.PCAP.PP.CD,"GDP per capita, PPP",Infrastructure & Affordability,LOW,UKR,Ukraine,2025,0,OK,18904.98046875,1,2026-07-13,2026-08-20 16:40:34.813
POP_GROWTH,SP.POP.GROW,Population growth,Reach & Growth,HIGH,UKR,Ukraine,2025,0,OK,2.91573569457478,1,2026-07-13,2026-08-20 16:40:34.978
POP_TOTAL,SP.POP.TOTL,Total population,Reach & Growth,HIGH,UKR,Ukraine,2025,0,OK,38980376.0,0,2026-07-13,2026-08-20 16:40:35.021
RURAL_POP,SP.RUR.TOTL.ZS,Rural population,Reach & Growth,HIGH,UKR,Ukraine,2025,0,OK,30.4045075354236,0,2026-07-13,2026-08-20 16:40:34.940
U5_MORTALITY,SH.DYN.MORT,"Mortality rate, under-5",Human Development,HIGH,UKR,Ukraine,2024,1,OK,7.9,0,2026-07-13,2026-08-20 16:40:34.771
WATER_ACCESS,SH.H2O.SMDW.ZS,People using safely managed drinking water services,Water Need,LOW,UKR,Ukraine,2024,1,OK,87.8683769430978,0,2026-07-13,2026-08-20 16:40:34.666
EDUCATION,SE.PRM.CMPT.ZS,"Primary completion rate, total",Human Development,LOW,ARE,United Arab Emirates,2023,2,OK,99.1737916980463,0,2026-07-13,2026-08-20 16:40:35.066
ELECTRICITY,EG.ELC.ACCS.ZS,Access to electricity,Infrastructure & Affordability,LOW,ARE,United Arab Emirates,2024,1,OK,100.0,1,2026-07-13,2026-08-20 16:40:34.894
FRESHWATER_PC,ER.H2O.INTR.PC,Renewable internal freshwater resources per capita,Water Need,LOW,ARE,United Arab Emirates,2022,3,OK,14.8883714573244,0,2026-07-13,2026-08-20 16:40:34.738
GDP_PC_PPP,NY.GDP.PCAP.PP.CD,"GDP per capita, PPP",Infrastructure & Affordability,LOW,ARE,United Arab Emirates,2024,1,OK,79343.7793099888,1,2026-07-13,2026-08-20 16:40:34.813
POP_GROWTH,SP.POP.GROW,Population growth,Reach & Growth,HIGH,ARE,United Arab Emirates,2025,0,OK,4.68316292656212,1,2026-07-13,2026-08-20 16:40:34.978
POP_TOTAL,SP.POP.TOTL,Total population,Reach & Growth,HIGH,ARE,United Arab Emirates,2025,0,OK,11513149.0,0,2026-07-13,2026-08-20 16:40:35.021
RURAL_POP,SP.RUR.TOTL.ZS,Rural population,Reach & Growth,HIGH,ARE,United Arab Emirates,2025,0,OK,14.0382358675983,0,2026-07-13,2026-08-20 16:40:34.940
U5_MORTALITY,SH.DYN.MORT,"Mortality rate, under-5",Human Development,HIGH,ARE,United Arab Emirates,2024,1,OK,4.8,0,2026-07-13,2026-08-20 16:40:34.771
WATER_ACCESS,SH.H2O.SMDW.ZS,People using safely managed drinking water services,Water Need,LOW,ARE,United Arab Emirates,2024,1,OK,98.6413172332089,0,2026-07-13,2026-08-20 16:40:34.666
EDUCATION,SE.PRM.CMPT.ZS,"Primary completion rate, total",Human Development,LOW,GBR,United Kingdom,2023,2,OK,101.071876525879,0,2026-07-13,2026-08-20 16:40:35.066
ELECTRICITY,EG.ELC.ACCS.ZS,Access to electricity,Infrastructure & Affordability,LOW,GBR,United Kingdom,2024,1,OK,100.0,1,2026-07-13,2026-08-20 16:40:34.894
FRESHWATER_PC,ER.H2O.INTR.PC,Renewable internal freshwater resources per capita,Water Need,LOW,GBR,United Kingdom,2022,3,OK,2143.82873026199,0,2026-07-13,2026-08-20 16:40:34.738
GDP_PC_PPP,NY.GDP.PCAP.PP.CD,"GDP per capita, PPP",Infrastructure & Affordability,LOW,GBR,United Kingdom,2025,0,OK,64606.4955066338,1,2026-07-13,2026-08-20 16:40:34.813
POP_GROWTH,SP.POP.GROW,Population growth,Reach & Growth,HIGH,GBR,United Kingdom,2025,0,OK,0.296898638478743,1,2026-07-13,2026-08-20 16:40:34.978
POP_TOTAL,SP.POP.TOTL,Total population,Reach & Growth,HIGH,GBR,United Kingdom,2025,0,OK,69487000.0,0,2026-07-13,2026-08-20 16:40:35.021
RURAL_POP,SP.RUR.TOTL.ZS,Rural population,Reach & Growth,HIGH,GBR,United Kingdom,2025,0,OK,16.676391921729,0,2026-07-13,2026-08-20 16:40:34.940
U5_MORTALITY,SH.DYN.MORT,"Mortality rate, under-5",Human Development,HIGH,GBR,United Kingdom,2024,1,OK,4.7,0,2026-07-13,2026-08-20 16:40:34.771
WATER_ACCESS,SH.H2O.SMDW.ZS,People using safely managed drinking water services,Water Need,LOW,GBR,United Kingdom,2024,1,OK,99.8229506760395,0,2026-07-13,2026-08-20 16:40:34.666
EDUCATION,SE.PRM.CMPT.ZS,"Primary completion rate, total",Human Development,LOW,USA,United States,2022,3,OK,95.743522644043,0,2026-07-13,2026-08-20 16:40:35.066
ELECTRICITY,EG.ELC.ACCS.ZS,Access to electricity,Infrastructure & Affordability,LOW,USA,United States,2024,1,OK,100.0,1,2026-07-13,2026-08-20 16:40:34.894
FRESHWATER_PC,ER.H2O.INTR.PC,Renewable internal freshwater resources per capita,Water Need,LOW,USA,United States,2022,3,OK,8437.21911365822,0,2026-07-13,2026-08-20 16:40:34.738
GDP_PC_PPP,NY.GDP.PCAP.PP.CD,"GDP per capita, PPP",Infrastructure & Affordability,LOW,USA,United States,2025,0,OK,90026.5163005744,1,2026-07-13,2026-08-20 16:40:34.813
POP_GROWTH,SP.POP.GROW,Population growth,Reach & Growth,HIGH,USA,United States,2025,0,OK,0.522468081877868,1,2026-07-13,2026-08-20 16:40:34.978
POP_TOTAL,SP.POP.TOTL,Total population,Reach & Growth,HIGH,USA,United States,2025,0,OK,341784857.0,0,2026-07-13,2026-08-20 16:40:35.021
RURAL_POP,SP.RUR.TOTL.ZS,Rural population,Reach & Growth,HIGH,USA,United States,2025,0,OK,19.8078266972131,0,2026-07-13,2026-08-20 16:40:34.940
U5_MORTALITY,SH.DYN.MORT,"Mortality rate, under-5",Human Development,HIGH,USA,United States,2024,1,OK,6.5,0,2026-07-13,2026-08-20 16:40:34.771
WATER_ACCESS,SH.H2O.SMDW.ZS,People using safely managed drinking water services,Water Need,LOW,USA,United States,2024,1,OK,97.5676884437325,0,2026-07-13,2026-08-20 16:40:34.666
EDUCATION,SE.PRM.CMPT.ZS,"Primary completion rate, total",Human Development,LOW,URY,Uruguay,2023,2,OK,101.1690082913,0,2026-07-13,2026-08-20 16:40:35.066
ELECTRICITY,EG.ELC.ACCS.ZS,Access to electricity,Infrastructure & Affordability,LOW,URY,Uruguay,2024,1,OK,100.0,1,2026-07-13,2026-08-20 16:40:34.894
FRESHWATER_PC,ER.H2O.INTR.PC,Renewable internal freshwater resources per capita,Water Need,LOW,URY,Uruguay,2022,3,OK,27190.3171800633,0,2026-07-13,2026-08-20 16:40:34.738
GDP_PC_PPP,NY.GDP.PCAP.PP.CD,"GDP per capita, PPP",Infrastructure & Affordability,LOW,URY,Uruguay,2025,0,OK,38314.8861221656,1,2026-07-13,2026-08-20 16:40:34.813
POP_GROWTH,SP.POP.GROW,Population growth,Reach & Growth,HIGH,URY,Uruguay,2025,0,OK,-0.0561194093953689,1,2026-07-13,2026-08-20 16:40:34.978
POP_TOTAL,SP.POP.TOTL,Total population,Reach & Growth,HIGH,URY,Uruguay,2025,0,OK,3384688.0,0,2026-07-13,2026-08-20 16:40:35.021
RURAL_POP,SP.RUR.TOTL.ZS,Rural population,Reach & Growth,HIGH,URY,Uruguay,2025,0,OK,4.3462807895915,0,2026-07-13,2026-08-20 16:40:34.940
U5_MORTALITY,SH.DYN.MORT,"Mortality rate, under-5",Human Development,HIGH,URY,Uruguay,2024,1,OK,7.4,0,2026-07-13,2026-08-20 16:40:34.771
EDUCATION,SE.PRM.CMPT.ZS,"Primary completion rate, total",Human Development,LOW,UZB,Uzbekistan,2025,0,OK,83.576937421175,0,2026-07-13,2026-08-20 16:40:35.066
ELECTRICITY,EG.ELC.ACCS.ZS,Access to electricity,Infrastructure & Affordability,LOW,UZB,Uzbekistan,2024,1,OK,100.0,1,2026-07-13,2026-08-20 16:40:34.894
FRESHWATER_PC,ER.H2O.INTR.PC,Renewable internal freshwater resources per capita,Water Need,LOW,UZB,Uzbekistan,2022,3,OK,467.672831084959,0,2026-07-13,2026-08-20 16:40:34.738
GDP_PC_PPP,NY.GDP.PCAP.PP.CD,"GDP per capita, PPP",Infrastructure & Affordability,LOW,UZB,Uzbekistan,2025,0,OK,13601.2917473678,1,2026-07-13,2026-08-20 16:40:34.813
POP_GROWTH,SP.POP.GROW,Population growth,Reach & Growth,HIGH,UZB,Uzbekistan,2025,0,OK,1.88404754637167,1,2026-07-13,2026-08-20 16:40:34.978
POP_TOTAL,SP.POP.TOTL,Total population,Reach & Growth,HIGH,UZB,Uzbekistan,2025,0,OK,37053428.0,0,2026-07-13,2026-08-20 16:40:35.021
RURAL_POP,SP.RUR.TOTL.ZS,Rural population,Reach & Growth,HIGH,UZB,Uzbekistan,2025,0,OK,48.9826504915701,0,2026-07-13,2026-08-20 16:40:34.940
U5_MORTALITY,SH.DYN.MORT,"Mortality rate, under-5",Human Development,HIGH,UZB,Uzbekistan,2024,1,OK,13.4,0,2026-07-13,2026-08-20 16:40:34.771
WATER_ACCESS,SH.H2O.SMDW.ZS,People using safely managed drinking water services,Water Need,LOW,UZB,Uzbekistan,2024,1,OK,81.9295048040968,0,2026-07-13,2026-08-20 16:40:34.666
EDUCATION,SE.PRM.CMPT.ZS,"Primary completion rate, total",Human Development,LOW,VUT,Vanuatu,2024,1,OK,113.382612533962,0,2026-07-13,2026-08-20 16:40:35.066
ELECTRICITY,EG.ELC.ACCS.ZS,Access to electricity,Infrastructure & Affordability,LOW,VUT,Vanuatu,2024,1,OK,65.5,1,2026-07-13,2026-08-20 16:40:34.894
FRESHWATER_PC,ER.H2O.INTR.PC,Renewable internal freshwater resources per capita,Water Need,LOW,VUT,Vanuatu,2022,3,OK,31944.1871162705,0,2026-07-13,2026-08-20 16:40:34.738
GDP_PC_PPP,NY.GDP.PCAP.PP.CD,"GDP per capita, PPP",Infrastructure & Affordability,LOW,VUT,Vanuatu,2025,0,OK,4525.23645747645,1,2026-07-13,2026-08-20 16:40:34.813
POP_GROWTH,SP.POP.GROW,Population growth,Reach & Growth,HIGH,VUT,Vanuatu,2025,0,OK,2.23013831174813,1,2026-07-13,2026-08-20 16:40:34.978
POP_TOTAL,SP.POP.TOTL,Total population,Reach & Growth,HIGH,VUT,Vanuatu,2025,0,OK,335169.0,0,2026-07-13,2026-08-20 16:40:35.021
RURAL_POP,SP.RUR.TOTL.ZS,Rural population,Reach & Growth,HIGH,VUT,Vanuatu,2025,0,OK,77.6780111163278,0,2026-07-13,2026-08-20 16:40:34.940
U5_MORTALITY,SH.DYN.MORT,"Mortality rate, under-5",Human Development,HIGH,VUT,Vanuatu,2024,1,OK,17.1,0,2026-07-13,2026-08-20 16:40:34.771
WATER_ACCESS,SH.H2O.SMDW.ZS,People using safely managed drinking water services,Water Need,LOW,VUT,Vanuatu,2024,1,OK,19.1970839884387,0,2026-07-13,2026-08-20 16:40:34.666
EDUCATION,SE.PRM.CMPT.ZS,"Primary completion rate, total",Human Development,LOW,VEN,"Venezuela, RB",2024,1,OK,103.043952941895,0,2026-07-13,2026-08-20 16:40:35.066
ELECTRICITY,EG.ELC.ACCS.ZS,Access to electricity,Infrastructure & Affordability,LOW,VEN,"Venezuela, RB",2024,1,OK,100.0,1,2026-07-13,2026-08-20 16:40:34.894
FRESHWATER_PC,ER.H2O.INTR.PC,Renewable internal freshwater resources per capita,Water Need,LOW,VEN,"Venezuela, RB",2022,3,OK,28532.9286123494,0,2026-07-13,2026-08-20 16:40:34.738
POP_GROWTH,SP.POP.GROW,Population growth,Reach & Growth,HIGH,VEN,"Venezuela, RB",2025,0,OK,0.39124515392802,1,2026-07-13,2026-08-20 16:40:34.978
POP_TOTAL,SP.POP.TOTL,Total population,Reach & Growth,HIGH,VEN,"Venezuela, RB",2025,0,OK,28516896.0,0,2026-07-13,2026-08-20 16:40:35.021
RURAL_POP,SP.RUR.TOTL.ZS,Rural population,Reach & Growth,HIGH,VEN,"Venezuela, RB",2025,0,OK,10.6780887701012,0,2026-07-13,2026-08-20 16:40:34.940
U5_MORTALITY,SH.DYN.MORT,"Mortality rate, under-5",Human Development,HIGH,VEN,"Venezuela, RB",2024,1,OK,24.2,0,2026-07-13,2026-08-20 16:40:34.771
EDUCATION,SE.PRM.CMPT.ZS,"Primary completion rate, total",Human Development,LOW,VNM,Viet Nam,2024,1,OK,100.588170556547,0,2026-07-13,2026-08-20 16:40:35.066
ELECTRICITY,EG.ELC.ACCS.ZS,Access to electricity,Infrastructure & Affordability,LOW,VNM,Viet Nam,2024,1,OK,100.0,1,2026-07-13,2026-08-20 16:40:34.894
FRESHWATER_PC,ER.H2O.INTR.PC,Renewable internal freshwater resources per capita,Water Need,LOW,VNM,Viet Nam,2022,3,OK,3605.71466951135,0,2026-07-13,2026-08-20 16:40:34.738
GDP_PC_PPP,NY.GDP.PCAP.PP.CD,"GDP per capita, PPP",Infrastructure & Affordability,LOW,VNM,Viet Nam,2025,0,OK,18088.491587163,1,2026-07-13,2026-08-20 16:40:34.813
POP_GROWTH,SP.POP.GROW,Population growth,Reach & Growth,HIGH,VNM,Viet Nam,2025,0,OK,0.603044839155161,1,2026-07-13,2026-08-20 16:40:34.978
POP_TOTAL,SP.POP.TOTL,Total population,Reach & Growth,HIGH,VNM,Viet Nam,2025,0,OK,101598527.0,0,2026-07-13,2026-08-20 16:40:35.021
RURAL_POP,SP.RUR.TOTL.ZS,Rural population,Reach & Growth,HIGH,VNM,Viet Nam,2025,0,OK,61.1700839648706,0,2026-07-13,2026-08-20 16:40:34.940
U5_MORTALITY,SH.DYN.MORT,"Mortality rate, under-5",Human Development,HIGH,VNM,Viet Nam,2024,1,OK,17.3,0,2026-07-13,2026-08-20 16:40:34.771
WATER_ACCESS,SH.H2O.SMDW.ZS,People using safely managed drinking water services,Water Need,LOW,VNM,Viet Nam,2024,1,OK,58.5808391368178,0,2026-07-13,2026-08-20 16:40:34.666
ELECTRICITY,EG.ELC.ACCS.ZS,Access to electricity,Infrastructure & Affordability,LOW,VIR,Virgin Islands (U.S.),2024,1,OK,100.0,1,2026-07-13,2026-08-20 16:40:34.894
GDP_PC_PPP,NY.GDP.PCAP.PP.CD,"GDP per capita, PPP",Infrastructure & Affordability,LOW,VIR,Virgin Islands (U.S.),2022,3,OK,49785.1412220186,1,2026-07-13,2026-08-20 16:40:34.813
POP_GROWTH,SP.POP.GROW,Population growth,Reach & Growth,HIGH,VIR,Virgin Islands (U.S.),2025,0,OK,-0.562044819338406,1,2026-07-13,2026-08-20 16:40:34.978
POP_TOTAL,SP.POP.TOTL,Total population,Reach & Growth,HIGH,VIR,Virgin Islands (U.S.),2025,0,OK,103792.0,0,2026-07-13,2026-08-20 16:40:35.021
RURAL_POP,SP.RUR.TOTL.ZS,Rural population,Reach & Growth,HIGH,VIR,Virgin Islands (U.S.),2025,0,OK,4.611420924462,0,2026-07-13,2026-08-20 16:40:34.940
WATER_ACCESS,SH.H2O.SMDW.ZS,People using safely managed drinking water services,Water Need,LOW,VIR,Virgin Islands (U.S.),2024,1,OK,98.6774837370682,0,2026-07-13,2026-08-20 16:40:34.666
EDUCATION,SE.PRM.CMPT.ZS,"Primary completion rate, total",Human Development,LOW,PSE,West Bank and Gaza,2023,2,OK,91.1695163220973,0,2026-07-13,2026-08-20 16:40:35.066
ELECTRICITY,EG.ELC.ACCS.ZS,Access to electricity,Infrastructure & Affordability,LOW,PSE,West Bank and Gaza,2024,1,OK,100.0,1,2026-07-13,2026-08-20 16:40:34.894
FRESHWATER_PC,ER.H2O.INTR.PC,Renewable internal freshwater resources per capita,Water Need,LOW,PSE,West Bank and Gaza,2021,4,OK,164.948487115634,0,2026-07-13,2026-08-20 16:40:34.738
GDP_PC_PPP,NY.GDP.PCAP.PP.CD,"GDP per capita, PPP",Infrastructure & Affordability,LOW,PSE,West Bank and Gaza,2025,0,OK,4999.71301859773,1,2026-07-13,2026-08-20 16:40:34.813
POP_GROWTH,SP.POP.GROW,Population growth,Reach & Growth,HIGH,PSE,West Bank and Gaza,2025,0,OK,2.32556364928187,1,2026-07-13,2026-08-20 16:40:34.978
POP_TOTAL,SP.POP.TOTL,Total population,Reach & Growth,HIGH,PSE,West Bank and Gaza,2025,0,OK,5413596.0,0,2026-07-13,2026-08-20 16:40:35.021
RURAL_POP,SP.RUR.TOTL.ZS,Rural population,Reach & Growth,HIGH,PSE,West Bank and Gaza,2025,0,OK,12.6181037036607,0,2026-07-13,2026-08-20 16:40:34.940
U5_MORTALITY,SH.DYN.MORT,"Mortality rate, under-5",Human Development,HIGH,PSE,West Bank and Gaza,2024,1,OK,37.9,0,2026-07-13,2026-08-20 16:40:34.771
WATER_ACCESS,SH.H2O.SMDW.ZS,People using safely managed drinking water services,Water Need,LOW,PSE,West Bank and Gaza,2024,1,OK,80.6420172046077,0,2026-07-13,2026-08-20 16:40:34.666
ELECTRICITY,EG.ELC.ACCS.ZS,Access to electricity,Infrastructure & Affordability,LOW,YEM,"Yemen, Rep.",2024,1,OK,86.3,1,2026-07-13,2026-08-20 16:40:34.894
FRESHWATER_PC,ER.H2O.INTR.PC,Renewable internal freshwater resources per capita,Water Need,LOW,YEM,"Yemen, Rep.",2022,3,OK,54.9409207198328,0,2026-07-13,2026-08-20 16:40:34.738
POP_GROWTH,SP.POP.GROW,Population growth,Reach & Growth,HIGH,YEM,"Yemen, Rep.",2025,0,OK,2.8917915150724,1,2026-07-13,2026-08-20 16:40:34.978
POP_TOTAL,SP.POP.TOTL,Total population,Reach & Growth,HIGH,YEM,"Yemen, Rep.",2025,0,OK,41773878.0,0,2026-07-13,2026-08-20 16:40:35.021
RURAL_POP,SP.RUR.TOTL.ZS,Rural population,Reach & Growth,HIGH,YEM,"Yemen, Rep.",2025,0,OK,62.9663335392922,0,2026-07-13,2026-08-20 16:40:34.940
U5_MORTALITY,SH.DYN.MORT,"Mortality rate, under-5",Human Development,HIGH,YEM,"Yemen, Rep.",2024,1,OK,38.1,0,2026-07-13,2026-08-20 16:40:34.771
ELECTRICITY,EG.ELC.ACCS.ZS,Access to electricity,Infrastructure & Affordability,LOW,ZMB,Zambia,2024,1,OK,53.6,1,2026-07-13,2026-08-20 16:40:34.894
FRESHWATER_PC,ER.H2O.INTR.PC,Renewable internal freshwater resources per capita,Water Need,LOW,ZMB,Zambia,2022,3,OK,3979.56863659284,0,2026-07-13,2026-08-20 16:40:34.738
GDP_PC_PPP,NY.GDP.PCAP.PP.CD,"GDP per capita, PPP",Infrastructure & Affordability,LOW,ZMB,Zambia,2025,0,OK,4379.26131013191,1,2026-07-13,2026-08-20 16:40:34.813
POP_GROWTH,SP.POP.GROW,Population growth,Reach & Growth,HIGH,ZMB,Zambia,2025,0,OK,2.77109662765952,1,2026-07-13,2026-08-20 16:40:34.978
POP_TOTAL,SP.POP.TOTL,Total population,Reach & Growth,HIGH,ZMB,Zambia,2025,0,OK,21913874.0,0,2026-07-13,2026-08-20 16:40:35.021
RURAL_POP,SP.RUR.TOTL.ZS,Rural population,Reach & Growth,HIGH,ZMB,Zambia,2025,0,OK,54.0828489838539,0,2026-07-13,2026-08-20 16:40:34.940
U5_MORTALITY,SH.DYN.MORT,"Mortality rate, under-5",Human Development,HIGH,ZMB,Zambia,2024,1,OK,48.4,0,2026-07-13,2026-08-20 16:40:34.771
EDUCATION,SE.PRM.CMPT.ZS,"Primary completion rate, total",Human Development,LOW,ZWE,Zimbabwe,2024,1,OK,85.9607634950894,0,2026-07-13,2026-08-20 16:40:35.066
ELECTRICITY,EG.ELC.ACCS.ZS,Access to electricity,Infrastructure & Affordability,LOW,ZWE,Zimbabwe,2024,1,OK,62.0,1,2026-07-13,2026-08-20 16:40:34.894
FRESHWATER_PC,ER.H2O.INTR.PC,Renewable internal freshwater resources per capita,Water Need,LOW,ZWE,Zimbabwe,2022,3,OK,762.957077254569,0,2026-07-13,2026-08-20 16:40:34.738
GDP_PC_PPP,NY.GDP.PCAP.PP.CD,"GDP per capita, PPP",Infrastructure & Affordability,LOW,ZWE,Zimbabwe,2025,0,OK,6470.41613223905,1,2026-07-13,2026-08-20 16:40:34.813
POP_GROWTH,SP.POP.GROW,Population growth,Reach & Growth,HIGH,ZWE,Zimbabwe,2025,0,OK,1.88435182354047,1,2026-07-13,2026-08-20 16:40:34.978
POP_TOTAL,SP.POP.TOTL,Total population,Reach & Growth,HIGH,ZWE,Zimbabwe,2025,0,OK,16950795.0,0,2026-07-13,2026-08-20 16:40:35.021
RURAL_POP,SP.RUR.TOTL.ZS,Rural population,Reach & Growth,HIGH,ZWE,Zimbabwe,2025,0,OK,59.5048712568548,0,2026-07-13,2026-08-20 16:40:34.940
U5_MORTALITY,SH.DYN.MORT,"Mortality rate, under-5",Human Development,HIGH,ZWE,Zimbabwe,2024,1,OK,64.7,0,2026-07-13,2026-08-20 16:40:34.771
WATER_ACCESS,SH.H2O.SMDW.ZS,People using safely managed drinking water services,Water Need,LOW,ZWE,Zimbabwe,2024,1,OK,25.460563358156,0,2026-07-13,2026-08-20 16:40:34.666
